Title,,,,,,,Date,View,Link
"
Just Play 😎"
가시 (Thorn) - 버즈 (BUZZ) [연주 l Acoustic Guitar Cover l 통기타 커버] - YouTube,,,,,,,2020. 3. 20.,"2,040",https://www.youtube.com/watch?v=XyXvSUuByrY&list=PLHUIPfxIAsYMwZP8hdlpnHRicw1MGX4uC&index=2&t=0s
시작 (Start) - 가호 (Gaho) 이태원 클라쓰 OST [연주 l Acoustic Guitar Cover l 통기타 커버 ] - YouTube,,,,,,,2020. 3. 7.,"45,332",https://www.youtube.com/watch?v=XFJjLdVgpbY&list=PLHUIPfxIAsYMwZP8hdlpnHRicw1MGX4uC&index=3&t=0s
YouTube,,,,,,,,,https://www.youtube.com/watch?v=BJKPM5HXdgs&list=PLHUIPfxIAsYMwZP8hdlpnHRicw1MGX4uC&index=4
00:00 (Zero O' Clock) - BTS (방탄소년단)[연주 l Acoustic Guitar Cover l 통기타 커버 ] - YouTube,,,,,,,2020. 2. 29.,"11,828",https://www.youtube.com/watch?v=t5US77NuuAk&list=PLHUIPfxIAsYMwZP8hdlpnHRicw1MGX4uC&index=5&t=0s
기억을 걷는 시간 - NELL (넬) [연주 l Acoustic Guitar Cover l 통기타 커버] - YouTube,,,,,,,2020. 2. 7.,"42,532",https://www.youtube.com/watch?v=vuJhLuzOaUY&list=PLHUIPfxIAsYMwZP8hdlpnHRicw1MGX4uC&index=6&t=0s
Psycho - Red Velvet (레드벨벳) [연주 l Acoustic Guitar Cover l 통기타 커버 ] - YouTube,,,,,,,2020. 1. 11.,"40,678",https://www.youtube.com/watch?v=vknQ30u0aP0&list=PLHUIPfxIAsYMwZP8hdlpnHRicw1MGX4uC&index=7&t=0s
Square - 백예린 (Yerin Baek) [연주 l Acoustic Guitar Cover l 통기타 커버 ] - YouTube,,,,,,,2019. 12. 20.,"62,902",https://www.youtube.com/watch?v=KmrOX_Mb_q0&list=PLHUIPfxIAsYMwZP8hdlpnHRicw1MGX4uC&index=8&t=0s
Blueming (블루밍) - IU (아이유) [연주 l Acoustic Guitar Cover l 통기타 커버] - YouTube,,,,,,,2019. 11. 23.,"227,562",https://www.youtube.com/watch?v=Gz7DqJb_nEA&list=PLHUIPfxIAsYMwZP8hdlpnHRicw1MGX4uC&index=9&t=0s
"어떻게 이별까지 사랑하겠어, 널 사랑하는 거지 - AKMU (악동뮤지션) [쉬움주의 l 연주 l Acoustic Guitar Cover l 통기타 커버 ] - YouTube",,,,,,,2019. 10. 17.,"128,482",https://www.youtube.com/watch?v=JzRtHCtAnjY&list=PLHUIPfxIAsYMwZP8hdlpnHRicw1MGX4uC&index=10&t=0s
Be Alright - Dean Lewis (딘 루이스) [연주 l Acoustic Guitar Cover l 통기타 커버 ] (Guitar Cover + TAB) - YouTube,,,,,,,2019. 10. 10.,"24,144",https://www.youtube.com/watch?v=CK4CBH2AQHA&list=PLHUIPfxIAsYMwZP8hdlpnHRicw1MGX4uC&index=11&t=0s
워커홀릭 (Workaholic) - 볼빨간 사춘기 (BOL4) [연주 l Acoustic Guitar Cover l 통기타 커버 ] - YouTube,,,,,,,2019. 10. 1.,"61,422",https://www.youtube.com/watch?v=w7B6OcXR1Nk&list=PLHUIPfxIAsYMwZP8hdlpnHRicw1MGX4uC&index=12&t=0s
안녕 - 폴킴 (호텔 델루나 OST) [연주 l 통기타 커버 ] - YouTube,,,,,,,2019. 9. 15.,"105,608",https://www.youtube.com/watch?v=ESD3BEZarUE&list=PLHUIPfxIAsYMwZP8hdlpnHRicw1MGX4uC&index=13&t=0s
흔들리는 꽃들 속에서 네 샴푸향이 느껴진거야 - 장범준 [연주 l Acoustic Guitar Cover l 통기타 커버 ] - YouTube,,,,,,,2019. 9. 7.,"452,864",https://www.youtube.com/watch?v=of-JY6ERWE0&list=PLHUIPfxIAsYMwZP8hdlpnHRicw1MGX4uC&index=14&t=0s
Done For Me (호텔델루나 OST) - 펀치 (Punch) [연주 l Acoustic Guitar Cover l 통기타 커버 ] - YouTube,,,,,,,2019. 8. 29.,"73,860",https://www.youtube.com/watch?v=M3FeBVjW-0Q&list=PLHUIPfxIAsYMwZP8hdlpnHRicw1MGX4uC&index=15&t=0s
오늘도 빛나는 너에게 - 마크툽 (MAKTUB) feat. 이라온 [연주 l Acoustic Guitar Cover l 통기타 커버 ] - YouTube,,,,,,,2019. 8. 23.,"69,202",https://www.youtube.com/watch?v=a-IbvpSQoEA&list=PLHUIPfxIAsYMwZP8hdlpnHRicw1MGX4uC&index=16&t=0s
"Señorita - Shawn Mendes, Camila Cabello [연주 l Acoustic Guitar Cover l 통기타 커버 ] - YouTube",,,,,,,2019. 8. 5.,"54,387",https://www.youtube.com/watch?v=GyqI4a-YWWw&list=PLHUIPfxIAsYMwZP8hdlpnHRicw1MGX4uC&index=17&t=0s
Paris in the Rain - Lauv [연주 l Acoustic Guitar Cover l 통기타 커버 ] - YouTube,,,,,,,2019. 7. 16.,"95,850",https://www.youtube.com/watch?v=8VJLLV51cpo&list=PLHUIPfxIAsYMwZP8hdlpnHRicw1MGX4uC&index=18&t=0s
"모든 날, 모든 순간 - 폴킴(Paul Kim) [연주 l Acoustic Guitar Cover l 통기타 코드] - YouTube",,,,,,,2019. 7. 5.,"264,401",https://www.youtube.com/watch?v=FQafhpfSZ0w&list=PLHUIPfxIAsYMwZP8hdlpnHRicw1MGX4uC&index=19&t=0s
bad guy - Billie Eilish [연주 l Acoustic Guitar Cover l 통기타 커버 ] - YouTube,,,,,,,2019. 6. 26.,"95,982",https://www.youtube.com/watch?v=lI6ZllMstfU&list=PLHUIPfxIAsYMwZP8hdlpnHRicw1MGX4uC&index=20&t=0s
2002 - Anne-Marie [연주 l Acoustic Guitar Cover l 통기타 커버 ] - YouTube,,,,,,,2019. 6. 15.,"372,678",https://www.youtube.com/watch?v=uo37KhnY8WY&list=PLHUIPfxIAsYMwZP8hdlpnHRicw1MGX4uC&index=21&t=0s
Comethru - Jeremy Zucker (제레미 주커) [쉬움주의 l 연주 l Acoustic Guitar Cover l 통기타 커버 ] - YouTube,,,,,,,2019. 6. 1.,"110,642",https://www.youtube.com/watch?v=Z7qULz3b190&list=PLHUIPfxIAsYMwZP8hdlpnHRicw1MGX4uC&index=22&t=0s
노래방에서 - 장범준 [연주 l Acoustic Guitar Cover l 통기타 커버 ] - YouTube,,,,,,,2019. 5. 24.,"115,036",https://www.youtube.com/watch?v=BWvR-pP_rfY&list=PLHUIPfxIAsYMwZP8hdlpnHRicw1MGX4uC&index=23&t=0s
주저하는 연인들을 위해 - 잔나비 [연주 l Acoustic Guitar Cover l 통기타 커버 ] - YouTube,,,,,,,2019. 5. 3.,"242,229",https://www.youtube.com/watch?v=Xd8Fu9azzjc&list=PLHUIPfxIAsYMwZP8hdlpnHRicw1MGX4uC&index=24&t=0s
당신과는 천천히 - 장범준 [연주 l Acoustic Guitar Cover l 통기타 커버 ] - YouTube,,,,,,,2019. 4. 13.,"74,270",https://www.youtube.com/watch?v=WVqvBInP7DE&list=PLHUIPfxIAsYMwZP8hdlpnHRicw1MGX4uC&index=25&t=0s
어느 60대 노부부 이야기 - 김광석 [연주 l Acoustic Guitar Cover l 통기타 커버 ] - YouTube,,,,,,,2019. 3. 30.,"50,170",https://www.youtube.com/watch?v=SoOqOfPWFkA&list=PLHUIPfxIAsYMwZP8hdlpnHRicw1MGX4uC&index=26&t=0s
그러나 (however) - 10cm (십센치) [연주 l K-pop Acoustic Guitar Cover l 통기타 커버 ] - YouTube,,,,,,,2019. 3. 15.,"53,730",https://www.youtube.com/watch?v=0vqmxG-xsU0&list=PLHUIPfxIAsYMwZP8hdlpnHRicw1MGX4uC&index=27&t=0s
Rooftop (옥탑방) - N.Fying (엔플라잉) [커버 l 통기타 연주 l K-pop Acoustic Guitar Cover ] - YouTube,,,,,,,2019. 3. 2.,"112,454",https://www.youtube.com/watch?v=cL3FBrBzj4Q&list=PLHUIPfxIAsYMwZP8hdlpnHRicw1MGX4uC&index=28&t=0s
We All Lie - 하진 (SKY 캐슬 OST) [Cover｜통기타 초보를 위한 쉬운 곡] - YouTube,,,,,,,2019. 2. 9.,"69,431",https://www.youtube.com/watch?v=oD-CdYEtTec&list=PLHUIPfxIAsYMwZP8hdlpnHRicw1MGX4uC&index=29&t=0s
Faded - Alan Walker [Easy Guitar Cover l 통기타 커버 연주] - YouTube,,,,,,,2019. 1. 18.,"101,044",https://www.youtube.com/watch?v=fxFCqdAwZ7Y&list=PLHUIPfxIAsYMwZP8hdlpnHRicw1MGX4uC&index=30&t=0s
Happier - Marshmello ft. Bastille [Guitar Cover l 연주 통기타 커버 l Chord l 코드 l TAB l 악보 l Lyric l 가사] - YouTube,,,,,,,2019. 1. 4.,"40,089",https://www.youtube.com/watch?v=KfnTFGESqYs&list=PLHUIPfxIAsYMwZP8hdlpnHRicw1MGX4uC&index=31&t=0s
아낙네(FIANCÉ) - MINO (송민호) [연주 통기타 커버 Guitar Cover 코드 Chord 타브 TAB 악보] - YouTube,,,,,,,2018. 12. 12.,"121,280",https://www.youtube.com/watch?v=5CuHB4SvBA8&list=PLHUIPfxIAsYMwZP8hdlpnHRicw1MGX4uC&index=32&t=0s
'SOLO' - JENNIE [연주 통기타 커버 Guitar Cover 코드 Chord 타브 TAB 악보] - YouTube,,,,,,,2018. 12. 2.,"159,642",https://www.youtube.com/watch?v=B6xIph0kyto&list=PLHUIPfxIAsYMwZP8hdlpnHRicw1MGX4uC&index=33&t=0s
Perfect - 10cm  [연주 통기타 커버 Guitar Cover 코드 Chord 타브 TAB 악보 ] - YouTube,,,,,,,2018. 11. 19.,"69,255",https://www.youtube.com/watch?v=t-cKE3zsS_s&list=PLHUIPfxIAsYMwZP8hdlpnHRicw1MGX4uC&index=34&t=0s
Perfect - Ed Sheeran  [연주 통기타 커버 Guitar Cover 코드 Chord 타브 TAB 악보] - YouTube,,,,,,,2018. 11. 9.,"55,407",https://www.youtube.com/watch?v=_1a0Fm4p0Vw&list=PLHUIPfxIAsYMwZP8hdlpnHRicw1MGX4uC&index=35&t=0s
도망가지마(A-teen OST) - 모트(MOTTE)  [연주 통기타 커버 Cover 코드 Chord 타브 Tab 악보 ] - YouTube,,,,,,,2018. 10. 19.,"77,716",https://www.youtube.com/watch?v=1nUgEXk1C5E&list=PLHUIPfxIAsYMwZP8hdlpnHRicw1MGX4uC&index=36&t=0s
[Just Play!] 이별길 (GOODBYE ROAD) - 아이콘 (iKON) [Guitar Cover｜기타 커버] - YouTube,,,,,,,2018. 10. 8.,"30,089",https://www.youtube.com/watch?v=fJUIiVsAvLI&list=PLHUIPfxIAsYMwZP8hdlpnHRicw1MGX4uC&index=37&t=0s
[Just Play!] 소년점프 - MOMMY SON (마미손)  [Guitar Cover｜기타 커버] - YouTube,,,,,,,2018. 10. 2.,"76,996",https://www.youtube.com/watch?v=u5WOxvC5LdE&list=PLHUIPfxIAsYMwZP8hdlpnHRicw1MGX4uC&index=38&t=0s
[Just Play!] 우리 그만하자 (The Hardest Part) - 로이킴 (Roy Kim)  [Guitar Cover｜기타 커버] - YouTube,,,,,,,2018. 9. 22.,"46,973",https://www.youtube.com/watch?v=YjLaEnC6qYw&list=PLHUIPfxIAsYMwZP8hdlpnHRicw1MGX4uC&index=39&t=0s
[Just Play!] Let Her Go - Passenger [Guitar Cover｜기타 커버] - YouTube,,,,,,,2018. 8. 23.,"48,604",https://www.youtube.com/watch?v=741B-TzSySI&list=PLHUIPfxIAsYMwZP8hdlpnHRicw1MGX4uC&index=40&t=0s
[Just Play!] 그때 헤어지면 돼 (Only then) -로이킴 (Roy Kim) [Guitar Cover｜기타 커버] - YouTube,,,,,,,2018. 8. 7.,"83,003",https://www.youtube.com/watch?v=09Ip2pVaq-E&list=PLHUIPfxIAsYMwZP8hdlpnHRicw1MGX4uC&index=41&t=0s
[Just Play!] Way Back Home - SHAUN (숀)(Acoustic ver.) [Guitar Cover｜기타 커버] - YouTube,,,,,,,2018. 8. 1.,"302,241",https://www.youtube.com/watch?v=Kes29uZMuNA&list=PLHUIPfxIAsYMwZP8hdlpnHRicw1MGX4uC&index=42&t=0s
"[Just Play!] 스물다섯, 스물하나 (Twenty-five, Twenty-one) - 자우림 (Jaurim) [Guitar Cover｜기타 커버] - YouTube",,,,,,,2018. 7. 16.,"62,678",https://www.youtube.com/watch?v=pKww5U_fsHU&list=PLHUIPfxIAsYMwZP8hdlpnHRicw1MGX4uC&index=43&t=0s
[Just Play!] Forever Young - BLACKPINK (블랙핑크) [Guitar Cover｜기타 커버] - YouTube,,,,,,,2018. 7. 7.,"57,183",https://www.youtube.com/watch?v=6MCMQs2b0U8&list=PLHUIPfxIAsYMwZP8hdlpnHRicw1MGX4uC&index=44&t=0s
[Just Play!] 여행 (Travel) - 볼빨간 사춘기 (BOL4) [Guitar Cover｜기타 커버] - YouTube,,,,,,,2018. 7. 2.,"98,746",https://www.youtube.com/watch?v=OdelRBAOFyw&list=PLHUIPfxIAsYMwZP8hdlpnHRicw1MGX4uC&index=45&t=0s
[Just Play!] Fake Love - BTS (방탄소년단) [Guitar Cover｜기타 커버] - YouTube,,,,,,,2018. 6. 21.,"61,074",https://www.youtube.com/watch?v=JxcQ8yfxiLA&list=PLHUIPfxIAsYMwZP8hdlpnHRicw1MGX4uC&index=46&t=0s
[Just Play!] Closer - The Chainsmokers (ft. Halsey) [Guitar Cover｜기타 커버] - YouTube,,,,,,,2018. 5. 5.,"87,793",https://www.youtube.com/watch?v=WI3I_44t9x0&list=PLHUIPfxIAsYMwZP8hdlpnHRicw1MGX4uC&index=47&t=0s
[Just Play!] 꽃 길 (Flower Road) - BIGBANG (빅뱅) [Guitar Cover｜기타 커버] - YouTube,,,,,,,2018. 3. 21.,"51,590",https://www.youtube.com/watch?v=hGnlOktX_og&list=PLHUIPfxIAsYMwZP8hdlpnHRicw1MGX4uC&index=48&t=0s
[Just Play!] 뿜뿜 (BBOOM BBOOM) - MOMOLAND (모모랜드) [Guitar Cover｜기타 커버] - YouTube,,,,,,,2018. 2. 20.,"326,453",https://www.youtube.com/watch?v=qeDw4t-N_R0&list=PLHUIPfxIAsYMwZP8hdlpnHRicw1MGX4uC&index=49&t=0s
[Just Play!] Instagram (인스타그램) - DEAN (딘) [Guitar Cover｜기타 커버] - YouTube,,,,,,,2018. 2. 2.,"489,502",https://www.youtube.com/watch?v=AEQr7JdboHE&list=PLHUIPfxIAsYMwZP8hdlpnHRicw1MGX4uC&index=50&t=0s
[Just Play!] 폰서트 (Phonecert) - 10CM (십센치) [Guitar Cover｜기타 커버] - YouTube,,,,,,,2017. 12. 29.,"607,896",https://www.youtube.com/watch?v=xkCS8Xlpc0s&list=PLHUIPfxIAsYMwZP8hdlpnHRicw1MGX4uC&index=51&t=0s
[Just Play!] 선물 (Gift) - 멜로망스 (MeloMance) [Guitar Cover｜기타 커버] - YouTube,,,,,,,2017. 12. 14.,"388,143",https://www.youtube.com/watch?v=Z3LzZGId6yk&list=PLHUIPfxIAsYMwZP8hdlpnHRicw1MGX4uC&index=52&t=0s
[Just Play!] 비행운 (Contrail) - 문문(MoonMoon) [Guitar Cover｜기타 커버] - YouTube,,,,,,,2017. 12. 2.,"292,403",https://www.youtube.com/watch?v=epUqwnXbF7Q&list=PLHUIPfxIAsYMwZP8hdlpnHRicw1MGX4uC&index=53&t=0s
[Just Play!] See You Again - Wiz Khalifa ft. Charlie Puth [Guitar Cover｜기타 커버] - YouTube,,,,,,,2017. 11. 12.,"121,110",https://www.youtube.com/watch?v=O0nf6_RazSE&list=PLHUIPfxIAsYMwZP8hdlpnHRicw1MGX4uC&index=54&t=0s
[Just Play!] 가을 아침 (Autumn Morning) - 아이유 (IU) [Guitar Cover｜기타 커버] - YouTube,,,,,,,2017. 9. 30.,"82,134",https://www.youtube.com/watch?v=axMrkgnWSRc&list=PLHUIPfxIAsYMwZP8hdlpnHRicw1MGX4uC&index=55&t=0s
[Just Play!] 좋니 (Like It) - 윤종신 (Jong Shin Yoon) [Guitar Cover｜기타 커버] - YouTube,,,,,,,2017. 9. 9.,"200,598",https://www.youtube.com/watch?v=2qcP0HYAGxQ&list=PLHUIPfxIAsYMwZP8hdlpnHRicw1MGX4uC&index=56&t=0s
[Just Play!] Dust In The Wind - Kansas (캔자스) [Guitar Cover｜기타 커버] - YouTube,,,,,,,2017. 8. 11.,"94,655",https://www.youtube.com/watch?v=MFyqU2HL1oE&list=PLHUIPfxIAsYMwZP8hdlpnHRicw1MGX4uC&index=57&t=0s
"[Just Play!] 남이 될 수 있을까 (We Loved) - 볼빨간 사춘기, 스무살 [Guitar Cover｜기타 커버] - YouTube",,,,,,,2017. 6. 29.,"160,989",https://www.youtube.com/watch?v=o1gaWMQSjz0&list=PLHUIPfxIAsYMwZP8hdlpnHRicw1MGX4uC&index=58&t=0s
[Just Play!] 초록창가 (Green Window) - 악동뮤지션 (AKMU) [Guitar Cover｜기타 커버] - YouTube,,,,,,,2017. 5. 18.,"44,010",https://www.youtube.com/watch?v=MDfX10JIw8s&list=PLHUIPfxIAsYMwZP8hdlpnHRicw1MGX4uC&index=59&t=0s
[Just Play!] TOMBOY (톰보이) - 혁오 (HYUKOH) [Guitar Cover｜기타 커버] - YouTube,,,,,,,2017. 5. 5.,"205,192",https://www.youtube.com/watch?v=0RuchZbM3f4&list=PLHUIPfxIAsYMwZP8hdlpnHRicw1MGX4uC&index=60&t=0s
[Just Play!] 스토커(Stalker) - 10cm (십센치) [Guitar Coverㅣ기타 커버] - YouTube,,,,,,,2017. 4. 27.,"317,590",https://www.youtube.com/watch?v=iCaYs4-tQRo&list=PLHUIPfxIAsYMwZP8hdlpnHRicw1MGX4uC&index=61&t=0s
[Just Play!] 고백 (Confession) - 뜨거운 감자 (Hot Potato) [Guitar Cover｜기타 커버] - YouTube,,,,,,,2017. 4. 21.,"127,773",https://www.youtube.com/watch?v=AMqnjk81pqA&list=PLHUIPfxIAsYMwZP8hdlpnHRicw1MGX4uC&index=62&t=0s
[Just Play!] 밤편지 (Through the Night) - 아이유 (IU) [Guitar Cover｜기타 커버] - YouTube,,,,,,,2017. 4. 7.,"529,422",https://www.youtube.com/watch?v=qyZRHF50Zf4&list=PLHUIPfxIAsYMwZP8hdlpnHRicw1MGX4uC&index=63&t=0s
[Just Play!] 봄봄봄 (BOM BOM BOM) - 로이킴 (Roy Kim)  [Guitar Cover｜기타 커버] - YouTube,,,,,,,2017. 3. 31.,"189,933",https://www.youtube.com/watch?v=LcmZ2Aw3O7Y&list=PLHUIPfxIAsYMwZP8hdlpnHRicw1MGX4uC&index=64&t=0s
[Just Play!] 오랜 날 오랜 밤 (LAST GOODBYE) - 악동뮤지션 (AKMU)  [Guitar Cover｜기타 커버] - YouTube,,,,,,,2017. 3. 23.,"252,701",https://www.youtube.com/watch?v=yiwseQ37LqY&list=PLHUIPfxIAsYMwZP8hdlpnHRicw1MGX4uC&index=65&t=0s
[Just Play!] Marry Me - 구윤회(Gu Yoon Heo) l 마크툽 프로젝트 [Guitar Cover｜기타 커버] - YouTube,,,,,,,2017. 3. 17.,"255,486",https://www.youtube.com/watch?v=m7CH6OKRfzc&list=PLHUIPfxIAsYMwZP8hdlpnHRicw1MGX4uC&index=66&t=0s
[Just Play!] Fine - TAEYEON (태연) [Guitar Cover｜기타 커버] - YouTube,,,,,,,2017. 3. 7.,"75,166",https://www.youtube.com/watch?v=fdUtdSJj4X8&list=PLHUIPfxIAsYMwZP8hdlpnHRicw1MGX4uC&index=67&t=0s
[Just Play!] KNOCK KNOCK - TWICE (트와이스) [Guitar Cover｜기타 커버] - YouTube,,,,,,,2017. 3. 3.,"166,845",https://www.youtube.com/watch?v=iHeFuHH0Tuo&list=PLHUIPfxIAsYMwZP8hdlpnHRicw1MGX4uC&index=68&t=0s
[Just Play!] 벚꽃 엔딩 - 버스커버스커 (Busker Busker) [Guitar Cover｜기타 커버] - YouTube,,,,,,,2017. 2. 15.,"287,096",https://www.youtube.com/watch?v=evTi9dW77jE&list=PLHUIPfxIAsYMwZP8hdlpnHRicw1MGX4uC&index=69&t=0s
[Just Play!] 오빠야 (Sweet Heart) - 신현희와 김루트 (SEENROOT)  [Guitar Cover｜기타 커버] - YouTube,,,,,,,2017. 2. 9.,"285,963",https://www.youtube.com/watch?v=D_0uloECnwY&list=PLHUIPfxIAsYMwZP8hdlpnHRicw1MGX4uC&index=70&t=0s
[Just Play!] 너에게 난 나에게 넌 - 자전거 탄 풍경 [Guitar Cover｜기타 커버] - YouTube,,,,,,,2017. 2. 1.,"216,802",https://www.youtube.com/watch?v=GrzwMFvU-oc&list=PLHUIPfxIAsYMwZP8hdlpnHRicw1MGX4uC&index=71&t=0s
[Just Play!] 나만 안되는 연애 (Hard To Love) - 볼빨간사춘기 (Bolbbalgan4) [Guitar Cover｜기타 커버] - YouTube,,,,,,,2017. 1. 26.,"109,487",https://www.youtube.com/watch?v=qnvKHpzYHUY&list=PLHUIPfxIAsYMwZP8hdlpnHRicw1MGX4uC&index=72&t=0s
[Just Play!] 첫눈처럼 너에게 가겠다 (도깨비OST) - 에일리 (Ailee) [Guitar Cover｜기타 커버] - YouTube,,,,,,,2017. 1. 20.,"242,819",https://www.youtube.com/watch?v=fsnm7LalHVA&list=PLHUIPfxIAsYMwZP8hdlpnHRicw1MGX4uC&index=73&t=0s
[Just Play!] Beautiful - 크러쉬 (Crush) '도깨비' OST [Guitar Cover｜기타 커버] - YouTube,,,,,,,2017. 1. 11.,"406,281",https://www.youtube.com/watch?v=m5Bp27nX6Qk&list=PLHUIPfxIAsYMwZP8hdlpnHRicw1MGX4uC&index=74&t=0s
[Just Play!] To Be With You - MR.BIG (미스터빅) [Guitar Cover｜기타 커버] - YouTube,,,,,,,2016. 12. 28.,"47,177",https://www.youtube.com/watch?v=VShy2z5_DOk&list=PLHUIPfxIAsYMwZP8hdlpnHRicw1MGX4uC&index=75&t=0s
[Just Play!] 에라 모르겠다 (FXXK IT) - 빅뱅 (BIGBANG) [Guitar Cover｜기타 커버] - YouTube,,,,,,,2016. 12. 16.,"69,059",https://www.youtube.com/watch?v=9DPLjeKvNs8&list=PLHUIPfxIAsYMwZP8hdlpnHRicw1MGX4uC&index=76&t=0s
[Just Play!] Officially Missing You - Geeks (긱스) [Guitar Cover｜기타 커버] - YouTube,,,,,,,2016. 12. 13.,"96,650",https://www.youtube.com/watch?v=zLN1CERZrAw&list=PLHUIPfxIAsYMwZP8hdlpnHRicw1MGX4uC&index=77&t=0s
[Just Play!] 위잉위잉 (Wi ing Wi ing) - 혁오 (Hyukoh) [Guitar Cover｜기타 커버] - YouTube,,,,,,,2016. 12. 5.,"157,907",https://www.youtube.com/watch?v=QgrrTI0c6h8&list=PLHUIPfxIAsYMwZP8hdlpnHRicw1MGX4uC&index=78&t=0s
[Just Play!] 나비잠 (Sweet Dream) - 희철 X 민경훈 [Guitar Cover｜기타 커버] - YouTube,,,,,,,2016. 11. 30.,"79,226",https://www.youtube.com/watch?v=JuFUx88oZc0&list=PLHUIPfxIAsYMwZP8hdlpnHRicw1MGX4uC&index=79&t=0s
[Just Play!] 심술 (Grumpy) - 볼빨간 사춘기(Bolbbalgan 4) [Guitar Cover｜기타 커버] - YouTube,,,,,,,2016. 11. 24.,"104,412",https://www.youtube.com/watch?v=j8TIZFdLpwI&list=PLHUIPfxIAsYMwZP8hdlpnHRicw1MGX4uC&index=80&t=0s
[Just Play!] 이 소설의 끝을 다시 써보려 해 - 한동근 (Han Dong Geun) [Guitar Cover｜기타 커버] - YouTube,,,,,,,2016. 11. 17.,"55,547",https://www.youtube.com/watch?v=LGmnx9uLV5g&list=PLHUIPfxIAsYMwZP8hdlpnHRicw1MGX4uC&index=81&t=0s
"길가에 버려지다 - 이승환, 이효리, 전인권 - YouTube",,,,,,,2016. 11. 14.,"9,484",https://www.youtube.com/watch?v=X7hawE3WVdE&list=PLHUIPfxIAsYMwZP8hdlpnHRicw1MGX4uC&index=82&t=0s
[Just Play!] Lucky Strike - Maroon 5 [Guitar Cover｜기타 커버] - YouTube,,,,,,,2016. 11. 8.,"98,196",https://www.youtube.com/watch?v=9wuLR-aIEOA&list=PLHUIPfxIAsYMwZP8hdlpnHRicw1MGX4uC&index=83&t=0s
[Just Play!] 우주를 줄게 (Galaxy) - 볼빨간 사춘기 (BOLBBALGAN4) [Guitar Cover｜기타 커버] - YouTube,,,,,,,2016. 10. 18.,"185,107",https://www.youtube.com/watch?v=4e2l94X9S24&list=PLHUIPfxIAsYMwZP8hdlpnHRicw1MGX4uC&index=84&t=0s
[Just Play!] 러시안 룰렛 (Russian Roulette) - Red Velvet (레드벨벳) [Guitar Cover｜기타 커버] - YouTube,,,,,,,2016. 9. 20.,"114,794",https://www.youtube.com/watch?v=BzLze6CKzVc&list=PLHUIPfxIAsYMwZP8hdlpnHRicw1MGX4uC&index=85&t=0s
[Just Play!] 내가 저지른 사랑 - 임창정 (Im Chang Jung) [Guitar Cover｜기타 커버] - YouTube,,,,,,,2016. 9. 8.,"55,844",https://www.youtube.com/watch?v=pobb6ffGPec&list=PLHUIPfxIAsYMwZP8hdlpnHRicw1MGX4uC&index=86&t=0s
"[Just Play!] Ring My Bell ""함부로 애틋하게 (Uncontrollably Fond) OST"" - 수지 (Suzy) [Guitar Cover｜기타 커버] - YouTube",,,,,,,2016. 9. 2.,"40,423",https://www.youtube.com/watch?v=k3KoJRqkACE&list=PLHUIPfxIAsYMwZP8hdlpnHRicw1MGX4uC&index=87&t=0s
[Just Play!] 너 그리고 나 (NAVILLERA) - 여자친구 (GFRIEND) [Guitar Cover｜기타 커버] - YouTube,,,,,,,2016. 8. 16.,"86,855",https://www.youtube.com/watch?v=oHPMqgcM2II&list=PLHUIPfxIAsYMwZP8hdlpnHRicw1MGX4uC&index=88&t=0s
[Just Play!] 여름밤에 우린 (Summer Night You And I) - 스탠딩에그(Standing EGG) [Guitar Cover｜기타 커버] - YouTube,,,,,,,2016. 8. 9.,"42,651",https://www.youtube.com/watch?v=vXib4QSAb8k&list=PLHUIPfxIAsYMwZP8hdlpnHRicw1MGX4uC&index=89&t=0s
[Just Play!] 사람들이 움직이는 게 (How People Move) - 악동뮤지션 (AKMU) [Guitar Cover｜기타 커버] - YouTube,,,,,,,2016. 7. 28.,"28,956",https://www.youtube.com/watch?v=kQVDsNqHBMo&list=PLHUIPfxIAsYMwZP8hdlpnHRicw1MGX4uC&index=90&t=0s
[Just Play!] Wonderwall - Oasis (오아시스) [Guitar Cover｜기타 커버] - YouTube,,,,,,,2016. 6. 3.,"49,421",https://www.youtube.com/watch?v=KhXJtR4_hfg&list=PLHUIPfxIAsYMwZP8hdlpnHRicw1MGX4uC&index=91&t=0s
[Just Play!] 홍대와 건대 사이 (To Hongdae) - 장범준 (Jang Beom June) [Guitar Cover｜기타 커버] 홍건사 - YouTube,,,,,,,2016. 5. 31.,"59,127",https://www.youtube.com/watch?v=Wz_SFInCDOQ&list=PLHUIPfxIAsYMwZP8hdlpnHRicw1MGX4uC&index=92&t=0s
[Just Play!] 하늘바라기(Hopefully Sky)(Feat. 하림) - 정은지 (Jeong Eun Ji) [Guitar Cover｜기타 커버] - YouTube,,,,,,,2016. 5. 27.,"68,616",https://www.youtube.com/watch?v=-c1PjR8TkP4&list=PLHUIPfxIAsYMwZP8hdlpnHRicw1MGX4uC&index=93&t=0s
[Just Play!] Wonderful Tonight - Eric Clapton (에릭 클랩튼) [Guitar Cover｜기타 커버] - YouTube,,,,,,,2016. 5. 24.,"19,977",https://www.youtube.com/watch?v=cO9UQt3q7II&list=PLHUIPfxIAsYMwZP8hdlpnHRicw1MGX4uC&index=94&t=0s
[Just Play!] CHEER UP - TWICE (트와이스) [Guitar Cover｜기타 커버] - YouTube,,,,,,,2016. 5. 16.,"137,536",https://www.youtube.com/watch?v=I2hri5D9hcs&list=PLHUIPfxIAsYMwZP8hdlpnHRicw1MGX4uC&index=95&t=0s
[Just Play!] 거리에서 (On the Street) - 김광석 (Kim Kwang Seok) [Guitar Cover｜기타 커버] - YouTube,,,,,,,2016. 5. 14.,"38,885",https://www.youtube.com/watch?v=aIC48bA0Evo&list=PLHUIPfxIAsYMwZP8hdlpnHRicw1MGX4uC&index=96&t=0s
[Just Play!] 밥만 잘 먹더라 (I Was Able To Eat Well) - 옴므 (Homme) [Guitar Cover｜기타 커버] - YouTube,,,,,,,2016. 5. 10.,"53,046",https://www.youtube.com/watch?v=eZDN_HleRl8&list=PLHUIPfxIAsYMwZP8hdlpnHRicw1MGX4uC&index=97&t=0s
[Just Play!]  You Are My Everything - 거미 (Gummy)ㅣ태양의 후예 OST part.4 [Guitar Cover｜기타 커버] - YouTube,,,,,,,2016. 5. 6.,"52,567",https://www.youtube.com/watch?v=Cd3OmWP1XaA&list=PLHUIPfxIAsYMwZP8hdlpnHRicw1MGX4uC&index=98&t=0s
[Just Play!] I NEED U - 방탄소년단 (BTS) [Guitar Tutorial｜기타 강좌] - YouTube,,,,,,,2016. 5. 2.,"181,703",https://www.youtube.com/watch?v=U9lhZV4eD9U&list=PLHUIPfxIAsYMwZP8hdlpnHRicw1MGX4uC&index=99&t=0s
[Just Play!] 봄이 좋냐?? (What The Spring??) - 10cm(십센치) [Guitar Cover｜기타 커버] - YouTube,,,,,,,2016. 4. 29.,"168,775",https://www.youtube.com/watch?v=GdHojuQcPY0&list=PLHUIPfxIAsYMwZP8hdlpnHRicw1MGX4uC&index=100&t=0s
[Just Play!] ALWAYS - t 윤미래 (t Yoonmirae) l 태양의 후예 OST Part.1 [Guitar Cover｜기타 커버] - YouTube,,,,,,,2016. 4. 25.,"52,549",https://www.youtube.com/watch?v=G6Jns1CsOiM&list=PLHUIPfxIAsYMwZP8hdlpnHRicw1MGX4uC&index=101&t=0s
"
Listen it!"
Hotel California - Eagles (Guitar Cover) - YouTube,,,,,,,2020. 3. 13.,"17,635",https://www.youtube.com/watch?v=DoS18Lus9hk&list=PLHUIPfxIAsYP15ajcHv8yepo-gOpmDdMe&index=2&t=0s
YouTube,,,,,,,,,https://www.youtube.com/watch?v=pw_pzdYV6jA&list=PLHUIPfxIAsYP15ajcHv8yepo-gOpmDdMe&index=3
YouTube,,,,,,,,,https://www.youtube.com/watch?v=Op5zOVnqvRQ&list=PLHUIPfxIAsYP15ajcHv8yepo-gOpmDdMe&index=4
Fake - Depapepe 데파페페 (Guitar Cover + TAB) - YouTube,,,,,,,2020. 2. 21.,"60,386",https://www.youtube.com/watch?v=xmEjQz5khuw&list=PLHUIPfxIAsYP15ajcHv8yepo-gOpmDdMe&index=5&t=0s
Sweet Child O' Mine - Guns N' Roses (Guitar Cover l Acoustic Ver.) - YouTube,,,,,,,2019. 8. 18.,"80,462",https://www.youtube.com/watch?v=NvaobRYmpks&list=PLHUIPfxIAsYP15ajcHv8yepo-gOpmDdMe&index=6&t=0s
Twilight (황혼) - Kotaro Oshio [기타 Cover + TAB l Fingerstyle Guitar] - YouTube,,,,,,,2019. 4. 19.,"630,738",https://www.youtube.com/watch?v=CTtUeNabfDk&list=PLHUIPfxIAsYP15ajcHv8yepo-gOpmDdMe&index=7&t=0s
Wind Song - Kotaro Oshio (Guitar Cover l Easy & Beautiful fingerstyle guitar l TAB) - YouTube,,,,,,,2019. 3. 23.,"242,526",https://www.youtube.com/watch?v=bD6NWa-XW1c&list=PLHUIPfxIAsYP15ajcHv8yepo-gOpmDdMe&index=8&t=0s
ONE - Depapepe (Guitar Cover + TAB) - YouTube,,,,,,,2019. 2. 22.,"344,932",https://www.youtube.com/watch?v=Hpa4nTozXBw&list=PLHUIPfxIAsYP15ajcHv8yepo-gOpmDdMe&index=9&t=0s
Start - Depapepe (Guitar Cover + TAB) - YouTube,,,,,,,2019. 2. 1.,"790,505",https://www.youtube.com/watch?v=lWd6MEcum-E&list=PLHUIPfxIAsYP15ajcHv8yepo-gOpmDdMe&index=10&t=0s
애상 (Sorrow) - 10cm [Guitar Cover l TAB l Lyrics l 커버 l 가사] - YouTube,,,,,,,2019. 1. 10.,"142,446",https://www.youtube.com/watch?v=-gKgnPCMmKY&list=PLHUIPfxIAsYP15ajcHv8yepo-gOpmDdMe&index=11&t=0s
Silent Night - Christmas Carol (Guitar Cover) - YouTube,,,,,,,2018. 12. 22.,"35,445",https://www.youtube.com/watch?v=eRxtYF7gLvI&list=PLHUIPfxIAsYP15ajcHv8yepo-gOpmDdMe&index=12&t=0s
Love Of My Life - Queen (Guitar Cover) - YouTube,,,,,,,2018. 12. 8.,"3,489,912",https://www.youtube.com/watch?v=NqZvm4NP2iw&list=PLHUIPfxIAsYP15ajcHv8yepo-gOpmDdMe&index=13&t=0s
"
난이도 [ 기 타 리 O O ]"
이태원 클라쓰에 나오는 '가호'의 '시작'을 통기타로 치는법?!! - YouTube,,,,,,,2020. 3. 12.,"13,974",https://www.youtube.com/watch?v=bmeWtSmeaVU&list=PLHUIPfxIAsYMOKCdbmOKwsFcdJvpW7BMg&index=2&t=0s
00:00 (Zero O' Clock) - BTS (방탄소년단)[강좌 l Guitar Lesson l Tutorial l 통기타] - YouTube,,,,,,,2020. 3. 4.,"5,501",https://www.youtube.com/watch?v=yR-b1-4Mls8&list=PLHUIPfxIAsYMOKCdbmOKwsFcdJvpW7BMg&index=3&t=0s
YouTube,,,,,,,,,https://www.youtube.com/watch?v=jd0r2kMJius&list=PLHUIPfxIAsYMOKCdbmOKwsFcdJvpW7BMg&index=4
NELL(넬)의 '기억을 걷는 시간'을 분위기를 살리며 통기타로 친다?! - YouTube,,,,,,,2020. 2. 13.,"16,213",https://www.youtube.com/watch?v=xkr7aobKcMg&list=PLHUIPfxIAsYMOKCdbmOKwsFcdJvpW7BMg&index=5&t=0s
내게 들려주고 싶은 말 (Dear Me) - 태연 (TAEYEON) [연주 l Acoustic Guitar Cover l 통기타 커버 ] - YouTube,,,,,,,2020. 1. 21.,"20,837",https://www.youtube.com/watch?v=pHB23PFsjw4&list=PLHUIPfxIAsYMOKCdbmOKwsFcdJvpW7BMg&index=6&t=0s
아주 찰지게 창모의 Meteor 를 기타로 치는 방법?! [강좌 l Guitar Lesson l Tutorial l 통기타] - YouTube,,,,,,,2020. 1. 8.,"38,126",https://www.youtube.com/watch?v=M9ILaRlxm0s&list=PLHUIPfxIAsYMOKCdbmOKwsFcdJvpW7BMg&index=7&t=0s
"백예린의 ""Square"" 통기타 연주하는 방법 [강좌 l Guitar Lesson l Tutorial l 어쿠스틱기타 배우기 ] - YouTube",,,,,,,2019. 12. 25.,"18,729",https://www.youtube.com/watch?v=JkkfPZm7gnc&list=PLHUIPfxIAsYMOKCdbmOKwsFcdJvpW7BMg&index=8&t=0s
Blueming (블루밍) - IU (아이유) [강좌 l Guitar Lesson l Tutorial l 통기타] - YouTube,,,,,,,2019. 11. 27.,"55,643",https://www.youtube.com/watch?v=GftAuFIGXOo&list=PLHUIPfxIAsYMOKCdbmOKwsFcdJvpW7BMg&index=9&t=0s
흔들리는 꽃들 속에서 네 샴푸향이 느껴진거야 - 장범준 [강좌 l Guitar Lesson l Tutorial l 통기타 초보 ] - YouTube,,,,,,,2019. 9. 10.,"199,517",https://www.youtube.com/watch?v=ZzHyRD9HRy8&list=PLHUIPfxIAsYMOKCdbmOKwsFcdJvpW7BMg&index=10&t=0s
Done For Me (호텔델루나 OST) - 펀치 (Punch) [강좌 l Guitar Lesson l Tutorial l 통기타 배우기] - YouTube,,,,,,,2019. 8. 29.,"19,587",https://www.youtube.com/watch?v=smD6p1qcZ1w&list=PLHUIPfxIAsYMOKCdbmOKwsFcdJvpW7BMg&index=11&t=0s
오늘도 빛나는 너에게 - 마크툽 (MAKTUB) feat.이라온 [강좌 l Guitar Lesson l Tutorial l 통기타 배우기 ] - YouTube,,,,,,,2019. 8. 23.,"13,376",https://www.youtube.com/watch?v=FNHHw_0EKmY&list=PLHUIPfxIAsYMOKCdbmOKwsFcdJvpW7BMg&index=12&t=0s
"Señorita - Shawn Mendes, Camila Cabello [강좌 l Guitar Lesson l Tutorial] - YouTube",,,,,,,2019. 8. 5.,"16,343",https://www.youtube.com/watch?v=UEIU4uyNpJI&list=PLHUIPfxIAsYMOKCdbmOKwsFcdJvpW7BMg&index=13&t=0s
Paris in the Rain - Lauv [강좌 l Guitar Lesson l Tutorial l 통기타 배우기] - YouTube,,,,,,,2019. 7. 16.,"23,289",https://www.youtube.com/watch?v=ZRAXCXLL7b8&list=PLHUIPfxIAsYMOKCdbmOKwsFcdJvpW7BMg&index=14&t=0s
Paris in the Rain - Lauv [강좌 l Guitar Lesson l Tutorial l 통기타 배우기] - YouTube,,,,,,,2019. 7. 16.,"23,289",https://www.youtube.com/watch?v=ZRAXCXLL7b8&list=PLHUIPfxIAsYMOKCdbmOKwsFcdJvpW7BMg&index=15&t=0s
노래방에서 - 장범준 [강좌 l Guitar l 통기타배우기ㅣTutorial] - YouTube,,,,,,,2019. 5. 24.,"36,466",https://www.youtube.com/watch?v=Xnm94D35eJo&list=PLHUIPfxIAsYMOKCdbmOKwsFcdJvpW7BMg&index=16&t=0s
그러나 (however) - 10cm (십센치) [강좌 l Guitar Lesson l Tutorial l 통기타배우기 ] - YouTube,,,,,,,2019. 3. 15.,"13,828",https://www.youtube.com/watch?v=YY-iawu1owo&list=PLHUIPfxIAsYMOKCdbmOKwsFcdJvpW7BMg&index=17&t=0s
Rooftop (옥탑방) - N.Fying (엔플라잉) [강의 l 통기타배우기 l Tutorial l Acoustic Guitar Lesson] - YouTube,,,,,,,2019. 3. 2.,"44,419",https://www.youtube.com/watch?v=FuLaQjoPMxE&list=PLHUIPfxIAsYMOKCdbmOKwsFcdJvpW7BMg&index=18&t=0s
Happier - Marshmello ft. Bastille [Tutorial l 통기타 강의 l Guitar lesson l TAB] - YouTube,,,,,,,2019. 1. 5.,"21,599",https://www.youtube.com/watch?v=XoQtSiglg28&list=PLHUIPfxIAsYMOKCdbmOKwsFcdJvpW7BMg&index=19&t=0s
아낙네(FIANCÉ) - MINO (송민호) [통기타 강좌 Guitar Tutorial 코드 Chord 타브 TAB 악보] - YouTube,,,,,,,2018. 12. 12.,"30,041",https://www.youtube.com/watch?v=DGgo_NQIRrs&list=PLHUIPfxIAsYMOKCdbmOKwsFcdJvpW7BMg&index=20&t=0s
'SOLO' - JENNIE [통기타 강좌 Guitar Tutorial 코드 Chord 타브 TAB 악보] - YouTube,,,,,,,2018. 12. 2.,"32,091",https://www.youtube.com/watch?v=SFeAhVL1N7Q&list=PLHUIPfxIAsYMOKCdbmOKwsFcdJvpW7BMg&index=21&t=0s
도망가지마(A-teen OST) - 모트(MOTTE)  [통기타 강좌 Guitar Tutorial 코드 Chord 타브 Tab 악보 ] - YouTube,,,,,,,2018. 10. 19.,"29,177",https://www.youtube.com/watch?v=v7GEN5yeIgM&list=PLHUIPfxIAsYMOKCdbmOKwsFcdJvpW7BMg&index=22&t=0s
[그랩더기타] 우리 그만하자 (The Hardest Part) - 로이킴 (Roy Kim) [Guitar Tutorial｜기타 강좌] - YouTube,,,,,,,2018. 9. 22.,"17,251",https://www.youtube.com/watch?v=YP4_nUaQFJ8&list=PLHUIPfxIAsYMOKCdbmOKwsFcdJvpW7BMg&index=23&t=0s
[그랩더기타] Let Her Go - Passenger [Guitar Tutorial｜기타 강좌] - YouTube,,,,,,,2018. 8. 23.,"22,707",https://www.youtube.com/watch?v=IZ27GM3t8iM&list=PLHUIPfxIAsYMOKCdbmOKwsFcdJvpW7BMg&index=24&t=0s
[쉬움주의] Way Back Home - SHAUN (숀)(Acoustic ver.) [Guitar Tutorial｜기타 강좌] - YouTube,,,,,,,2018. 8. 1.,"139,316",https://www.youtube.com/watch?v=3BzKOHyCprA&list=PLHUIPfxIAsYMOKCdbmOKwsFcdJvpW7BMg&index=25&t=0s
[그랩더기타] Forever Young - BLACKPINK (블랙핑크) [Guitar Tutorial｜기타 강좌] - YouTube,,,,,,,2018. 7. 7.,"19,189",https://www.youtube.com/watch?v=8lYLzPJp4f0&list=PLHUIPfxIAsYMOKCdbmOKwsFcdJvpW7BMg&index=26&t=0s
[그랩더기타] Fake Love - BTS (방탄소년단) [Guitar Tutorial｜기타 강좌] - YouTube,,,,,,,2018. 6. 21.,"28,784",https://www.youtube.com/watch?v=n0Olyc2yoJE&list=PLHUIPfxIAsYMOKCdbmOKwsFcdJvpW7BMg&index=27&t=0s
[그랩더기타] Closer - The Chainsmokers (ft. Halsey) [Guitar Tutorial｜기타 강좌] - YouTube,,,,,,,2018. 5. 5.,"33,680",https://www.youtube.com/watch?v=udEFTzfoHOY&list=PLHUIPfxIAsYMOKCdbmOKwsFcdJvpW7BMg&index=28&t=0s
[그랩더기타] 꽃 길 (Flower Road) - BIGBANG (빅뱅) [Guitar Tutorial｜기타 강좌] - YouTube,,,,,,,2018. 3. 21.,"17,587",https://www.youtube.com/watch?v=F_h0IljqZYk&list=PLHUIPfxIAsYMOKCdbmOKwsFcdJvpW7BMg&index=29&t=0s
[그랩더기타] 비행운 (Contrail) - 문문(MoonMoon) [Guitar Tutorial｜기타 강좌] - YouTube,,,,,,,2017. 12. 2.,"164,784",https://www.youtube.com/watch?v=ckcKWzZb1Ew&list=PLHUIPfxIAsYMOKCdbmOKwsFcdJvpW7BMg&index=30&t=0s
[쉬움주의] Love Yourself - Justin Bieber  [Guitar Tutorial｜기타 강좌] (Eng Sub) - YouTube,,,,,,,2017. 8. 25.,"434,801",https://www.youtube.com/watch?v=2FriADFQU_k&list=PLHUIPfxIAsYMOKCdbmOKwsFcdJvpW7BMg&index=31&t=0s
"[그랩더기타] 남이 될 수 있을까 (We Loved) - 볼빨간 사춘기, 스무살 [Guitar Tutorial｜기타 강좌] - YouTube",,,,,,,2017. 6. 29.,"129,550",https://www.youtube.com/watch?v=1aluH4or0WQ&list=PLHUIPfxIAsYMOKCdbmOKwsFcdJvpW7BMg&index=32&t=0s
[쉬움주의] Shape of You - Ed Sheeran [Guitar Tutorial｜기타 강좌] - YouTube,,,,,,,2017. 5. 25.,"1,306,445",https://www.youtube.com/watch?v=Lnp1RDO4AK0&list=PLHUIPfxIAsYMOKCdbmOKwsFcdJvpW7BMg&index=33&t=0s
[그랩더기타] 고백 (Confession) - 뜨거운감자 (Hot Potato) [Guitar Tutorial｜기타 강좌] - YouTube,,,,,,,2017. 4. 21.,"30,815",https://www.youtube.com/watch?v=khlps749o3U&list=PLHUIPfxIAsYMOKCdbmOKwsFcdJvpW7BMg&index=34&t=0s
[그랩더기타] 오랜 날 오랜 밤 (LAST GOODBYE) - 악동뮤지션 (AKMU)  [Guitar Tutorial｜기타 강좌] - YouTube,,,,,,,2017. 3. 23.,"86,465",https://www.youtube.com/watch?v=yUHfszXeWHQ&list=PLHUIPfxIAsYMOKCdbmOKwsFcdJvpW7BMg&index=35&t=0s
[그랩더기타] Marry Me - 구윤회(Gu Yoon Heo) l 마크툽 프로젝트 [Guitar Tutorial｜기타 강좌] - YouTube,,,,,,,2017. 3. 17.,"135,680",https://www.youtube.com/watch?v=SHr-_zJOzwg&list=PLHUIPfxIAsYMOKCdbmOKwsFcdJvpW7BMg&index=36&t=0s
[그랩더기타] 오빠야 (Sweet Heart) - 신현희와 김루트 (SEENROOT) [Guitar Tutorial｜기타 강좌] - YouTube,,,,,,,2017. 2. 9.,"150,630",https://www.youtube.com/watch?v=wAqQF4BjrSE&list=PLHUIPfxIAsYMOKCdbmOKwsFcdJvpW7BMg&index=37&t=0s
[그랩더기타] 나만 안되는 연애 (Hard To Love) - 볼빨간사춘기 (Bolbbalgan4) [Guitar Tutorial｜기타 강좌] - YouTube,,,,,,,2017. 1. 26.,"61,576",https://www.youtube.com/watch?v=vpb6dWZ1Gv0&list=PLHUIPfxIAsYMOKCdbmOKwsFcdJvpW7BMg&index=38&t=0s
[그랩더기타] 첫눈처럼 너에게 가겠다 (도깨비OST) - 에일리 (Ailee) [Guitar Tutorial｜기타 강좌] - YouTube,,,,,,,2017. 1. 20.,"122,138",https://www.youtube.com/watch?v=7Pn7w-pP5c8&list=PLHUIPfxIAsYMOKCdbmOKwsFcdJvpW7BMg&index=39&t=0s
[그랩더기타] To Be With You - MR.BIG (미스터빅) [Guitar Tutorial｜기타 강좌] - YouTube,,,,,,,2016. 12. 28.,"23,071",https://www.youtube.com/watch?v=WiKySIgm6OU&list=PLHUIPfxIAsYMOKCdbmOKwsFcdJvpW7BMg&index=40&t=0s
[그랩더기타] 나비잠 (Sweet Dream) - 희철 X 민경훈 [Guitar Tutorial｜기타 강좌] - YouTube,,,,,,,2016. 11. 30.,"52,117",https://www.youtube.com/watch?v=eDyZQ4aBNFE&list=PLHUIPfxIAsYMOKCdbmOKwsFcdJvpW7BMg&index=41&t=0s
[그랩더기타] 러시안 룰렛 (Russian Roulette) - Red Velvet (레드벨벳) [Guitar Tutorial｜기타 강좌] - YouTube,,,,,,,2016. 9. 20.,"41,917",https://www.youtube.com/watch?v=_3Mfw9hm0lA&list=PLHUIPfxIAsYMOKCdbmOKwsFcdJvpW7BMg&index=42&t=0s
[그랩더기타] CHEER UP - TWICE (트와이스) [Guitar Tutorial｜기타 강좌] - YouTube,,,,,,,2016. 5. 16.,"87,604",https://www.youtube.com/watch?v=w5EcN-RLr-c&list=PLHUIPfxIAsYMOKCdbmOKwsFcdJvpW7BMg&index=43&t=0s
I NEED U - 방탄소년단(BTS) [Guitar Tutorial｜기타 강좌] - YouTube,,,,,,,2016. 5. 2.,"233,236",https://www.youtube.com/watch?v=myo7xJVTbA4&list=PLHUIPfxIAsYMOKCdbmOKwsFcdJvpW7BMg&index=44&t=0s
"[그랩더기타] 너는 나 나는 너 (I Am You, You Are Me) - 지코 (ZICO) [Guitar Tutorial｜기타 강좌] - YouTube",,,,,,,2016. 4. 22.,"43,600",https://www.youtube.com/watch?v=l-mQ2s1HF2U&list=PLHUIPfxIAsYMOKCdbmOKwsFcdJvpW7BMg&index=45&t=0s
[그랩더기타] 회상(Reminiscence) - 장범준(Jang Beom June)[시그널OST] [Guitar Tutorial｜기타 강좌] - YouTube,,,,,,,2016. 4. 1.,"60,412",https://www.youtube.com/watch?v=OtoL1K1rUIE&list=PLHUIPfxIAsYMOKCdbmOKwsFcdJvpW7BMg&index=46&t=0s
[그랩더기타] 말해! 뭐해? (Talk Love) - 케이윌 (K.will) [Guitar Tutorial｜기타 강좌] - YouTube,,,,,,,2016. 3. 24.,"119,777",https://www.youtube.com/watch?v=TW40yYhv7_4&list=PLHUIPfxIAsYMOKCdbmOKwsFcdJvpW7BMg&index=47&t=0s
[그랩더기타] 그녀가 곁에 없다면 (Without You by My Side) - 장범준 (Jang Beom June) [Guitar Tutorial｜기타 강좌] - YouTube,,,,,,,2016. 3. 21.,"78,721",https://www.youtube.com/watch?v=cMCKoEB3siw&list=PLHUIPfxIAsYMOKCdbmOKwsFcdJvpW7BMg&index=48&t=0s
[그랩더기타] Reset (Feat. 진실 of Mad Soul Child) - Tiger JK (타이거 JK) [Guitar Tutorial/기타 강좌/리셋] - YouTube,,,,,,,2016. 2. 29.,"16,328",https://www.youtube.com/watch?v=LhHEyQDjNZE&list=PLHUIPfxIAsYMOKCdbmOKwsFcdJvpW7BMg&index=49&t=0s
[그랩더기타] High And Dry - Radiohead (라디오헤드) [Guitar Tutorial/통기타 강좌] - YouTube,,,,,,,2016. 2. 22.,"22,577",https://www.youtube.com/watch?v=9_3bdfjJu2M&list=PLHUIPfxIAsYMOKCdbmOKwsFcdJvpW7BMg&index=50&t=0s
[그랩더기타] Give Love - 악동뮤지션(AKMU) [Guitar Tutorial/통기타 강좌] - YouTube,,,,,,,2016. 2. 11.,"66,500",https://www.youtube.com/watch?v=7GEVyJGfFNg&list=PLHUIPfxIAsYMOKCdbmOKwsFcdJvpW7BMg&index=51&t=0s
I'm Not The Only One - Sam Smith  [Guitar Tutorial/통기타 강좌] - YouTube,,,,,,,2016. 2. 5.,"184,873",https://www.youtube.com/watch?v=NzLtTBM5JLc&list=PLHUIPfxIAsYMOKCdbmOKwsFcdJvpW7BMg&index=52&t=0s
[그랩더기타] RAIN (레인) - 태연(TAEYEON) [Guitar Tutorial/통기타 강좌] - YouTube,,,,,,,2016. 2. 4.,"28,707",https://www.youtube.com/watch?v=T_uBgK-Ux0s&list=PLHUIPfxIAsYMOKCdbmOKwsFcdJvpW7BMg&index=53&t=0s
[그랩더기타] OOH-AHH하게(Like OOH-AHH) - 트와이스(TWICE) [Guitar Tutorial/통기타 강좌] - YouTube,,,,,,,2016. 2. 1.,"41,965",https://www.youtube.com/watch?v=0Tz7rfYQ1Ko&list=PLHUIPfxIAsYMOKCdbmOKwsFcdJvpW7BMg&index=54&t=0s
Wake Me Up When September Ends - Green Day [Guitar Tutorial/통기타 강좌] - YouTube,,,,,,,2016. 1. 25.,"18,272",https://www.youtube.com/watch?v=gZYE8bH6zas&list=PLHUIPfxIAsYMOKCdbmOKwsFcdJvpW7BMg&index=55&t=0s
[그랩더기타] A Thousand Years - Christina Perri (크리스티나 페리) [Guitar Tutorial/통기타 강좌] - YouTube,,,,,,,2016. 1. 11.,"27,453",https://www.youtube.com/watch?v=abVLY9_EXEc&list=PLHUIPfxIAsYMOKCdbmOKwsFcdJvpW7BMg&index=56&t=0s
[그랩더기타] Don't Look Back In Anger - Oasis (오아시스) [Guitar Tutorial/통기타 강좌] - YouTube,,,,,,,2016. 1. 8.,"67,366",https://www.youtube.com/watch?v=ELHSlEDCcMU&list=PLHUIPfxIAsYMOKCdbmOKwsFcdJvpW7BMg&index=57&t=0s
[그랩더기타] The Lazy Song - Bruno Mars (브루노 마스) [Guitar Tutorial/통기타 강좌] - YouTube,,,,,,,2016. 1. 4.,"32,333",https://www.youtube.com/watch?v=3onCHnnFMsc&list=PLHUIPfxIAsYMOKCdbmOKwsFcdJvpW7BMg&index=58&t=0s
[그랩더기타] 사랑이 맞을거야 (This Love) - 윤미래(Yoonmirae _ T) [Guitar Tutorial/통기타 강좌] - YouTube,,,,,,,2015. 12. 28.,"5,224",https://www.youtube.com/watch?v=v3XKbuobA84&list=PLHUIPfxIAsYMOKCdbmOKwsFcdJvpW7BMg&index=59&t=0s
[그랩더기타] 취향저격(My Type) - iKON(아이콘) [Guitar Tutorial/통기타 강좌] - YouTube,,,,,,,2015. 12. 25.,"39,268",https://www.youtube.com/watch?v=5VvhTWdUlPc&list=PLHUIPfxIAsYMOKCdbmOKwsFcdJvpW7BMg&index=60&t=0s
[그랩더기타] All I Want For Christmas Is You - Mariah Carey(머라이어 캐리) [Guitar Tutorial/통기타 강좌] - YouTube,,,,,,,2015. 12. 22.,"52,869",https://www.youtube.com/watch?v=Zea_gfjbcPU&list=PLHUIPfxIAsYMOKCdbmOKwsFcdJvpW7BMg&index=61&t=0s
Volcano - Roy Kim(로이킴) [Superstar K6 all star concert 원곡 : 데미안라이스] Guitar lesson - YouTube,,,,,,,2014. 12. 11.,"8,115",https://www.youtube.com/watch?v=7vDUAJnCflU&list=PLHUIPfxIAsYMOKCdbmOKwsFcdJvpW7BMg&index=62&t=0s
[그랩더기타] 왼손잡이(Left-Hander) - 패닉 (Panic) [Guitar Tutorial/통기타 강좌] - YouTube,,,,,,,2015. 11. 13.,"16,744",https://www.youtube.com/watch?v=3gdGfoAcB0Q&list=PLHUIPfxIAsYMOKCdbmOKwsFcdJvpW7BMg&index=63&t=0s
[그랩더기타] Nobody Knows - 스탠딩 에그 (Standing Egg) [Guitar Tutorial/통기타 강좌] - YouTube,,,,,,,2015. 11. 9.,"6,463",https://www.youtube.com/watch?v=WE2WredriAM&list=PLHUIPfxIAsYMOKCdbmOKwsFcdJvpW7BMg&index=64&t=0s
"[그랩더기타] TiK ToK (틱톡) - Ke$ha (Kesha, 케샤) [Guitar Tutorial/통기타 강좌] - YouTube",,,,,,,2015. 10. 23.,"22,839",https://www.youtube.com/watch?v=_RVs7xY7bSY&list=PLHUIPfxIAsYMOKCdbmOKwsFcdJvpW7BMg&index=65&t=0s
"[그랩더기타] 커피 (Coffee) - 유재환 (Yoo Jae Hwan), 김예림 (Lim Kim/투개월) [Guitar Tutorial/통기타 강좌] - YouTube",,,,,,,2015. 10. 14.,"18,210",https://www.youtube.com/watch?v=gBurw0dAka8&list=PLHUIPfxIAsYMOKCdbmOKwsFcdJvpW7BMg&index=66&t=0s
[그랩더기타] I - 태연(TAEYEON) (feat. 버벌진트 Verbal Jint) [Guitar Tutorial/통기타 강좌] - YouTube,,,,,,,2015. 10. 12.,"52,936",https://www.youtube.com/watch?v=hrwQAW52Fhc&list=PLHUIPfxIAsYMOKCdbmOKwsFcdJvpW7BMg&index=67&t=0s
[그랩더기타] 희망사항 (Hope) - 변진섭 [Guitar Tutorial/통기타 강좌/Korean Old Pop] - YouTube,,,,,,,2015. 10. 7.,"14,793",https://www.youtube.com/watch?v=OzTg4-m5vAA&list=PLHUIPfxIAsYMOKCdbmOKwsFcdJvpW7BMg&index=68&t=0s
"[그랩더기타] 어깨 (Lean On Me) - 소유, 권정열 (So You, Kwon Jeong Yeol) [Guitar Tutorial/통기타 강좌] - YouTube",,,,,,,2015. 10. 5.,"21,434",https://www.youtube.com/watch?v=Wk-_xmdxvZA&list=PLHUIPfxIAsYMOKCdbmOKwsFcdJvpW7BMg&index=69&t=0s
[그랩더기타] 무릎 (Knee) - 아이유 (IU) [Guitar Tutorial/통기타 강좌] - YouTube,,,,,,,2015. 10. 1.,"52,465",https://www.youtube.com/watch?v=0HZjLFmKEeY&list=PLHUIPfxIAsYMOKCdbmOKwsFcdJvpW7BMg&index=70&t=0s
[그랩더기타] Sorry - 주니엘(Juniel) [Guitar Tutorial/통기타 강좌] - YouTube,,,,,,,2015. 9. 22.,"10,197",https://www.youtube.com/watch?v=4999_Xlrdl0&list=PLHUIPfxIAsYMOKCdbmOKwsFcdJvpW7BMg&index=71&t=0s
[그랩더기타] 가시 (Thorn) - 버즈 (BUZZ) [Guitar Tutorial/통기타 강좌] - YouTube,,,,,,,2015. 9. 7.,"248,621",https://www.youtube.com/watch?v=a2rH-wWPOZo&list=PLHUIPfxIAsYMOKCdbmOKwsFcdJvpW7BMg&index=72&t=0s
"[그랩더기타] 눈, 코, 입 (Eyes, Nose, Lips) - 태양 (TaeYang) [Guitar Tutorial/통기타 강좌] - YouTube",,,,,,,2015. 9. 4.,"284,894",https://www.youtube.com/watch?v=Fh9DAqjautE&list=PLHUIPfxIAsYMOKCdbmOKwsFcdJvpW7BMg&index=73&t=0s
[그랩더기타] 심쿵해 (Heart Attack) - AOA [Guitar Tutorial/통기타 강좌] - YouTube,,,,,,,2015. 8. 26.,"26,259",https://www.youtube.com/watch?v=3INIQjbFZ5k&list=PLHUIPfxIAsYMOKCdbmOKwsFcdJvpW7BMg&index=74&t=0s
[그랩더기타] 떠난다 (Leave) - 박보영 ('오 나의 귀신님' OST) [Guitar Tutorial/통기타 강좌] - YouTube,,,,,,,2015. 8. 21.,"19,146",https://www.youtube.com/watch?v=vdGkDlru-lI&list=PLHUIPfxIAsYMOKCdbmOKwsFcdJvpW7BMg&index=75&t=0s
[그랩더기타] 꺼내먹어요 (Eat) - Zion.T (자이언티) [Guitar Tutorial/통기타 강좌] - YouTube,,,,,,,2015. 8. 20.,"121,779",https://www.youtube.com/watch?v=W5xAVFml2MY&list=PLHUIPfxIAsYMOKCdbmOKwsFcdJvpW7BMg&index=76&t=0s
[그랩더기타] 우리 사랑하지 말아요 (Let's Not Fall In Love) - 빅뱅 (BIGBANG) [Guitar Tutorial/통기타 강좌] - YouTube,,,,,,,2015. 8. 10.,"91,150",https://www.youtube.com/watch?v=TAIi3RrNiko&list=PLHUIPfxIAsYMOKCdbmOKwsFcdJvpW7BMg&index=77&t=0s
[그랩더기타] 양화대교 (Yanghwa BRDG) - Zion.T (자이언티) [Guitar Tutorial/Lesson/통기타 강좌] - YouTube,,,,,,,2015. 8. 3.,"112,196",https://www.youtube.com/watch?v=Qc9Zvzi3UKY&list=PLHUIPfxIAsYMOKCdbmOKwsFcdJvpW7BMg&index=78&t=0s
[그랩더기타] 우산(Umbrella) - 윤하(YounHa) [Guitar Tutorial/Lesson/통기타 강좌] - YouTube,,,,,,,2015. 7. 30.,"11,263",https://www.youtube.com/watch?v=on0V_Aeu6LY&list=PLHUIPfxIAsYMOKCdbmOKwsFcdJvpW7BMg&index=79&t=0s
[그랩더기타] illa illa(일라일라) - 주니엘(Juniel) [Guitar Tutorial/기타/통기타 강좌/Lesson] - YouTube,,,,,,,2015. 7. 15.,"61,601",https://www.youtube.com/watch?v=x91DSBP8tlo&list=PLHUIPfxIAsYMOKCdbmOKwsFcdJvpW7BMg&index=80&t=0s
"[그랩더기타] 우연히 봄 - 로꼬(Loco), 유주 (냄새를 보는 소녀 OST) [Guitar Tutorial/기타/통기타 배우기] - YouTube",,,,,,,2015. 7. 13.,"57,750",https://www.youtube.com/watch?v=XApXzw6Uf8k&list=PLHUIPfxIAsYMOKCdbmOKwsFcdJvpW7BMg&index=81&t=0s
[그랩더기타] 우울시계 (A Gloomy Clock) - 아이유 (IU) [Guitar/기타/강좌/통기타/배우기/주법/독학] - YouTube,,,,,,,2015. 7. 8.,"22,118",https://www.youtube.com/watch?v=dxBc3vMn0ps&list=PLHUIPfxIAsYMOKCdbmOKwsFcdJvpW7BMg&index=82&t=0s
[그랩더기타] 하고 싶은 말(What I Want To Say) - 어쿠루브(Acourve) [Guitar/기타/강좌/통기타/배우기/주법/독학] - YouTube,,,,,,,2015. 7. 6.,"41,764",https://www.youtube.com/watch?v=3cuBtPJaujM&list=PLHUIPfxIAsYMOKCdbmOKwsFcdJvpW7BMg&index=83&t=0s
[그랩더기타] Thinking Out Loud - Ed Sheeran (에드 시런) [Guitar/기타/강좌/통기타/배우기/주법/독학] - YouTube,,,,,,,2015. 7. 1.,"114,638",https://www.youtube.com/watch?v=1PqDDt7dNB8&list=PLHUIPfxIAsYMOKCdbmOKwsFcdJvpW7BMg&index=84&t=0s
[그랩더기타] 여수 밤바다(Yeosu Night Sea) - 버스커버스커(Busker Busker) [Guitar/기타/강좌/통기타/배우기/독학] - YouTube,,,,,,,2015. 6. 25.,"375,401",https://www.youtube.com/watch?v=6owqejXoJig&list=PLHUIPfxIAsYMOKCdbmOKwsFcdJvpW7BMg&index=85&t=0s
"[그랩더기타] 한여름밤의 꿀 - 산이(San E), 레이나 [Guitar/기타/강좌/통기타/배우기/주법/독학] - YouTube",,,,,,,2015. 6. 24.,"24,126",https://www.youtube.com/watch?v=trOgym0kgm0&list=PLHUIPfxIAsYMOKCdbmOKwsFcdJvpW7BMg&index=86&t=0s
[그랩더기타] 너랑 - 홍대광 [Guitar/기타/강좌/통기타/배우기/주법/독학] - YouTube,,,,,,,2015. 6. 22.,"5,061",https://www.youtube.com/watch?v=LHCVXrMzMEQ&list=PLHUIPfxIAsYMOKCdbmOKwsFcdJvpW7BMg&index=87&t=0s
[그랩더기타] 자꾸 보고 싶어 - 박지민(오렌지 마말레이드 OST)[Guitar/기타/통기타/k-pop/배우기/독학/연습곡/강좌] - YouTube,,,,,,,2015. 6. 8.,"5,296",https://www.youtube.com/watch?v=eDSJH_qGY7M&list=PLHUIPfxIAsYMOKCdbmOKwsFcdJvpW7BMg&index=88&t=0s
[그랩더기타] 아버지(Father) - 싸이(Psy) [Guitar Tutorial /기타/강좌/통기타/배우기/독학] - YouTube,,,,,,,2015. 6. 3.,"17,986",https://www.youtube.com/watch?v=SA9ctU1gv2s&list=PLHUIPfxIAsYMOKCdbmOKwsFcdJvpW7BMg&index=89&t=0s
[그랩더기타] 내 사랑아 - 이종현(of CNBLUE / 신사의 품격 OST) [Guitar Tutorial / 기타레슨] - YouTube,,,,,,,2015. 2. 25.,"104,653",https://www.youtube.com/watch?v=U9ua9tbDfTw&list=PLHUIPfxIAsYMOKCdbmOKwsFcdJvpW7BMg&index=90&t=0s
우리가 헤어진 진짜 이유 - 윤하(Younha) Guitar Lesson - YouTube,,,,,,,2014. 12. 30.,"27,785",https://www.youtube.com/watch?v=1RQXBapfLvQ&list=PLHUIPfxIAsYMOKCdbmOKwsFcdJvpW7BMg&index=91&t=0s
공허해(Empty) - 위너(Winner) [Guitar Tutorial 기타 강좌] - YouTube,,,,,,,2014. 11. 27.,"33,421",https://www.youtube.com/watch?v=VwBUBBuPKMQ&list=PLHUIPfxIAsYMOKCdbmOKwsFcdJvpW7BMg&index=92&t=0s
"염장송 - 임마누(임종철, 정민경, 한민규) [Guitar Tutorial 기타 강좌] - YouTube",,,,,,,2014. 11. 20.,"4,147",https://www.youtube.com/watch?v=23NzeOiYbzc&list=PLHUIPfxIAsYMOKCdbmOKwsFcdJvpW7BMg&index=93&t=0s
"환청(feat.NaShow) - 장재인(킬미, 힐미 OST) Guitar cover & tutorial 기타 레슨 - YouTube",,,,,,,2015. 1. 15.,"28,588",https://www.youtube.com/watch?v=InFjLoB60dE&list=PLHUIPfxIAsYMOKCdbmOKwsFcdJvpW7BMg&index=94&t=0s
니가 모르게 - 로꼬(Loco) [Guitar tutorial 기타 레슨] - YouTube,,,,,,,2015. 1. 14.,"20,406",https://www.youtube.com/watch?v=kkj5EY7jOhg&list=PLHUIPfxIAsYMOKCdbmOKwsFcdJvpW7BMg&index=95&t=0s
LUV - Apink(에이핑크) [Guitar tutorial / 기타레슨] - YouTube,,,,,,,2015. 1. 8.,"21,597",https://www.youtube.com/watch?v=uH2mBM8hPJY&list=PLHUIPfxIAsYMOKCdbmOKwsFcdJvpW7BMg&index=96&t=0s
사랑비(Love Rain) - 김태우(Kim Tae Woo) [Guitar Tutorial 기타 강좌] - YouTube,,,,,,,2014. 11. 20.,"28,238",https://www.youtube.com/watch?v=7w88vaZCMjM&list=PLHUIPfxIAsYMOKCdbmOKwsFcdJvpW7BMg&index=97&t=0s
Officially missing you - Geeks(긱스) [Guitar Tutorial 기타 강좌] - YouTube,,,,,,,2014. 11. 9.,"273,338",https://www.youtube.com/watch?v=NouIHm73HPQ&list=PLHUIPfxIAsYMOKCdbmOKwsFcdJvpW7BMg&index=98&t=0s
헤픈 엔딩(Happen Ending) - 에픽하이(Epik High) (feat.조원선) [Guitar Tutorial/기타 강좌] - YouTube,,,,,,,2014. 10. 21.,"12,659",https://www.youtube.com/watch?v=WgAqj1W5xrY&list=PLHUIPfxIAsYMOKCdbmOKwsFcdJvpW7BMg&index=99&t=0s
기다림(Waiting) - 김필 (슈퍼스타k6) [Guitar Tutorial/기타 강좌] - YouTube,,,,,,,2014. 10. 19.,"6,231",https://www.youtube.com/watch?v=9OFJ_JO6XuQ&list=PLHUIPfxIAsYMOKCdbmOKwsFcdJvpW7BMg&index=100&t=0s
"그대와 나, 설레임 - 어쿠스틱 콜라보 [Guitar Tutorial 기타 강좌] - YouTube",,,,,,,2014. 11. 13.,"32,342",https://www.youtube.com/watch?v=5283nRT0XXY&list=PLHUIPfxIAsYMOKCdbmOKwsFcdJvpW7BMg&index=101&t=0s
"
난이도 [ 기 타 O O O ]"
Psycho - Red Velvet (레드 벨벳) [강좌 l Guitar Lesson l Tutorial l 통기타 초보 ] - YouTube,,,,,,,2020. 1. 17.,"15,222",https://www.youtube.com/watch?v=zEzRWArkseU&list=PLHUIPfxIAsYMNC4Jk9zComB3KbV3OzGFU&index=2&t=0s
아이유(IU)의 'Love Poem'은 통기타로 어떻게 칠까?! [강좌 l Guitar Lesson l Tutorial l 초보] - YouTube,,,,,,,2019. 12. 12.,"18,050",https://www.youtube.com/watch?v=1sNkkpIAUuM&list=PLHUIPfxIAsYMNC4Jk9zComB3KbV3OzGFU&index=3&t=0s
Love poem - IU (아이유) [연주 l Acoustic Guitar Cover l 통기타 커버 ] - YouTube,,,,,,,2019. 12. 7.,"45,798",https://www.youtube.com/watch?v=Ztpf2e70U80&list=PLHUIPfxIAsYMNC4Jk9zComB3KbV3OzGFU&index=4&t=0s
"통기타 초보를 위한 추천 연습곡!🔥 어떻게 이별까지 사랑하겠어, 널 사랑하는 거지 - AKMU(악동뮤지션) [쉬움주의 l 강좌 l Guitar Tutorial ] - YouTube",,,,,,,2019. 10. 19.,"45,382",https://www.youtube.com/watch?v=D8vd5oIO0m8&list=PLHUIPfxIAsYMNC4Jk9zComB3KbV3OzGFU&index=5&t=0s
Be Alright - Dean Lewis (딘 루이스) [강좌 l Guitar Lesson l Tutorial l 통기타 초보 ] - YouTube,,,,,,,2019. 10. 13.,"9,788",https://www.youtube.com/watch?v=Tj2GJ9TrZD0&list=PLHUIPfxIAsYMNC4Jk9zComB3KbV3OzGFU&index=6&t=0s
2002 - Anne-Marie [강좌 l Guitar Lesson l Tutorial l 통기타 초보 l 쉬움주의] - YouTube,,,,,,,2019. 6. 15.,"115,565",https://www.youtube.com/watch?v=k8sqZ4p8NQs&list=PLHUIPfxIAsYMNC4Jk9zComB3KbV3OzGFU&index=7&t=0s
Comethru - Jeremy Zucker (제레미 주커) [쉬움주의 l 강좌 l Guitar Lesson l Tutorial l 통기타 초보 ] - YouTube,,,,,,,2019. 6. 1.,"45,094",https://www.youtube.com/watch?v=0ArDru1vLN0&list=PLHUIPfxIAsYMNC4Jk9zComB3KbV3OzGFU&index=8&t=0s
어느 60대 노부부 이야기 - 김광석 [강좌 l Guitar Lesson l Tutorial l 통기타 초보 ] - YouTube,,,,,,,2019. 3. 30.,"18,047",https://www.youtube.com/watch?v=dRrXpModZ5E&list=PLHUIPfxIAsYMNC4Jk9zComB3KbV3OzGFU&index=9&t=0s
We All Lie - 하진 (SKY 캐슬 OST)  [강좌 l 쉬운곡 l 통기타 초보 l Tutorial l Lesson] - YouTube,,,,,,,2019. 2. 9.,"28,220",https://www.youtube.com/watch?v=twDJGXG_1sc&list=PLHUIPfxIAsYMNC4Jk9zComB3KbV3OzGFU&index=10&t=0s
Faded - Alan Walker [Tutorial l 쉬움주의 l 통기타강좌 l Easy Guitar lesson] - YouTube,,,,,,,2019. 1. 18.,"43,892",https://www.youtube.com/watch?v=Q0jFFFgf3pQ&list=PLHUIPfxIAsYMNC4Jk9zComB3KbV3OzGFU&index=11&t=0s
Perfect - 10cm  [통기타 강좌 Guitar Tutorial 코드 Chord 타브 TAB 악보 ] - YouTube,,,,,,,2018. 11. 19.,"23,258",https://www.youtube.com/watch?v=NniRxk8A5Dg&list=PLHUIPfxIAsYMNC4Jk9zComB3KbV3OzGFU&index=12&t=0s
Perfect - Ed Sheeran  [통기타 강좌 Guitar Tutorial 코드 Chord 타브 TAB 악보] - YouTube,,,,,,,2018. 11. 9.,"24,006",https://www.youtube.com/watch?v=i0Xh0sCuP64&list=PLHUIPfxIAsYMNC4Jk9zComB3KbV3OzGFU&index=13&t=0s
[그랩더기타] 이별길 (GOODBYE ROAD) - 아이콘 (iKON) [Guitar Tutorial｜기타 강좌] - YouTube,,,,,,,2018. 10. 8.,"10,506",https://www.youtube.com/watch?v=QoE-8DYma6E&list=PLHUIPfxIAsYMNC4Jk9zComB3KbV3OzGFU&index=14&t=0s
[쉬움주의] I'm Fine - BTS (방탄소년단) [Guitar Tutorial｜기타 강좌] - YouTube,,,,,,,2018. 9. 6.,"44,092",https://www.youtube.com/watch?v=gUn6Qxq5LI4&list=PLHUIPfxIAsYMNC4Jk9zComB3KbV3OzGFU&index=15&t=0s
"[그랩더기타] 스물다섯, 스물하나 (Twenty-five, Twenty-one) - 자우림 (Jaurim) [Guitar Tutorial｜기타 강좌] - YouTube",,,,,,,2018. 7. 16.,"23,625",https://www.youtube.com/watch?v=YCrpi7vo0tA&list=PLHUIPfxIAsYMNC4Jk9zComB3KbV3OzGFU&index=16&t=0s
[쉬움주의] 여행 (Travel) - 볼빨간 사춘기 (BOL4) [Guitar Tutorial｜기타 강좌] - YouTube,,,,,,,2018. 6. 24.,"111,520",https://www.youtube.com/watch?v=_IJofvPDZL0&list=PLHUIPfxIAsYMNC4Jk9zComB3KbV3OzGFU&index=17&t=0s
[쉬움주의] Photograph - Ed Sheeran (에드 시런) [Guitar Tutorial｜기타 강좌] - YouTube,,,,,,,2018. 5. 21.,"67,852",https://www.youtube.com/watch?v=klk4QdIeltA&list=PLHUIPfxIAsYMNC4Jk9zComB3KbV3OzGFU&index=18&t=0s
[쉬움주의] 사랑을 했다 (Love Scenario) - iKON (아이콘) [Guitar Tutorial｜기타 강좌] - YouTube,,,,,,,2018. 2. 13.,"545,515",https://www.youtube.com/watch?v=xcw6xvPkDYY&list=PLHUIPfxIAsYMNC4Jk9zComB3KbV3OzGFU&index=19&t=0s
[쉬움주의] Bounce (바운스) - 조용필(Cho Yong Pil) [Guitar Tutorial｜기타 강좌] - YouTube,,,,,,,2018. 1. 12.,"47,156",https://www.youtube.com/watch?v=5ZuRBydOlFA&list=PLHUIPfxIAsYMNC4Jk9zComB3KbV3OzGFU&index=20&t=0s
[그랩더기타] See You Again - Wiz Khalifa ft. Charlie Puth [Guitar Tutorial｜기타 강좌] - YouTube,,,,,,,2017. 11. 12.,"77,383",https://www.youtube.com/watch?v=kNsp8x_wH10&list=PLHUIPfxIAsYMNC4Jk9zComB3KbV3OzGFU&index=21&t=0s
[쉬움주의] 문득 (Suddenly) - 로이킴 (Roy Kim) [Guitar Tutorial｜기타 강좌] - YouTube,,,,,,,2017. 6. 2.,"64,778",https://www.youtube.com/watch?v=zjyVsyqvm3U&list=PLHUIPfxIAsYMNC4Jk9zComB3KbV3OzGFU&index=22&t=0s
[그랩더기타] TOMBOY (톰보이) - 혁오 (HYUKOH) [Guitar Tutorial｜기타 강좌] - YouTube,,,,,,,2017. 5. 5.,"84,673",https://www.youtube.com/watch?v=jhKC2mJwqTI&list=PLHUIPfxIAsYMNC4Jk9zComB3KbV3OzGFU&index=23&t=0s
[쉬움주의] 금요일에 만나요 (Friday) - 아이유 (IU) [Guitar Tutorial｜기타 강좌] - YouTube,,,,,,,2017. 4. 13.,"367,280",https://www.youtube.com/watch?v=7wXHBCwB-gE&list=PLHUIPfxIAsYMNC4Jk9zComB3KbV3OzGFU&index=24&t=0s
[그랩더기타] Fine - TAEYEON (태연) [Guitar Tutorial｜기타 강좌] - YouTube,,,,,,,2017. 3. 7.,"37,200",https://www.youtube.com/watch?v=bvHELTtriJ0&list=PLHUIPfxIAsYMNC4Jk9zComB3KbV3OzGFU&index=25&t=0s
[쉬움주의] 위잉위잉(Wi ing Wi ing) - 혁오(Hyukoh) [Guitar Tutorial for Beginner｜기타 강좌] - YouTube,,,,,,,2016. 11. 3.,"418,723",https://www.youtube.com/watch?v=AZi3-78IlPs&list=PLHUIPfxIAsYMNC4Jk9zComB3KbV3OzGFU&index=26&t=0s
[쉬움주의] 벚꽃이 지면 (When the Cherry Blossoms Fade) - 아이오아이 (I.O.I) [Guitar Tutorial｜기타 강좌] - YouTube,,,,,,,2016. 10. 25.,"69,548",https://www.youtube.com/watch?v=CxHQMKtDxm4&list=PLHUIPfxIAsYMNC4Jk9zComB3KbV3OzGFU&index=27&t=0s
[그랩더기타] Wonderwall - Oasis (오아시스) [Guitar Tutorial｜기타 강좌] - YouTube,,,,,,,2016. 6. 3.,"43,830",https://www.youtube.com/watch?v=drszhGiDeXU&list=PLHUIPfxIAsYMNC4Jk9zComB3KbV3OzGFU&index=28&t=0s
[그랩더기타] Wonderful Tonight - Eric Clapton (에릭 클랩튼) [Guitar Tutorial｜기타 강좌] - YouTube,,,,,,,2016. 5. 24.,"46,999",https://www.youtube.com/watch?v=auU3ed11ZkE&list=PLHUIPfxIAsYMNC4Jk9zComB3KbV3OzGFU&index=29&t=0s
[그랩더기타] 거리에서 (On the Street) - 김광석 (Kim Kwang Seok) [Guitar Tutorial｜기타 강좌] - YouTube,,,,,,,2016. 5. 14.,"77,075",https://www.youtube.com/watch?v=fPFXyihNHfU&list=PLHUIPfxIAsYMNC4Jk9zComB3KbV3OzGFU&index=30&t=0s
[그랩더기타] ALWAYS - t 윤미래 (t Yoonmirae) l 태양의 후예 OST Part.1 [Guitar Tutorial｜기타 강좌] - YouTube,,,,,,,2016. 4. 25.,"95,706",https://www.youtube.com/watch?v=kZI-ZNwDFL8&list=PLHUIPfxIAsYMNC4Jk9zComB3KbV3OzGFU&index=31&t=0s
[그랩더기타-Just Play!] Last Christmas - Taylor Swift(테일러 스위프트) [Guitar Tutorial/통기타 강좌] - YouTube,,,,,,,2015. 12. 24.,"41,890",https://www.youtube.com/watch?v=0Ceuo_Wrmpw&list=PLHUIPfxIAsYMNC4Jk9zComB3KbV3OzGFU&index=32&t=0s
[그랩더기타] Hello(헬로) - Adele(아델) [Guitar Tutorial/통기타 강좌] - YouTube,,,,,,,2015. 11. 27.,"25,402",https://www.youtube.com/watch?v=gSx3c1ZPJ4s&list=PLHUIPfxIAsYMNC4Jk9zComB3KbV3OzGFU&index=33&t=0s
[그랩더기타] 너에게 난 나에게 넌 - 자전거 탄 풍경 [Guitar Tutorial/통기타 강좌] - YouTube,,,,,,,2015. 11. 23.,"528,038",https://www.youtube.com/watch?v=1Nm7cQReEnk&list=PLHUIPfxIAsYMNC4Jk9zComB3KbV3OzGFU&index=34&t=0s
[그랩더기타] 흐린 가을 하늘에 편지를 써 - 김광석(동물원) Korean Old Pop [Guitar Tutorial/통기타 강좌] - YouTube,,,,,,,2015. 11. 16.,"36,383",https://www.youtube.com/watch?v=lO_R10FI1cc&list=PLHUIPfxIAsYMNC4Jk9zComB3KbV3OzGFU&index=35&t=0s
[그랩더기타] The Great Escape - Boys Like Girls [Guitar Tutorial/통기타 강좌] - YouTube,,,,,,,2015. 11. 6.,"39,648",https://www.youtube.com/watch?v=VVTnqD1zewE&list=PLHUIPfxIAsYMNC4Jk9zComB3KbV3OzGFU&index=36&t=0s
[그랩더기타] Wherever You Will Go - The Calling (더 콜링) [Guitar Tutorial/통기타 강좌] - YouTube,,,,,,,2015. 10. 19.,"15,528",https://www.youtube.com/watch?v=gYtNj47_cco&list=PLHUIPfxIAsYMNC4Jk9zComB3KbV3OzGFU&index=37&t=0s
"[그랩더기타] Falling Slowly ('Once' OST) - Glen Hansard, Marketa Irglova [Guitar Tutorial/통기타 강좌] - YouTube",,,,,,,2015. 9. 30.,"310,631",https://www.youtube.com/watch?v=siwizefmUf0&list=PLHUIPfxIAsYMNC4Jk9zComB3KbV3OzGFU&index=38&t=0s
[그랩더기타] 잊혀진 계절 (Forgotten Season) - 아이유 (IU) [Guitar Tutorial/통기타 강좌] - YouTube,,,,,,,2015. 9. 24.,"58,817",https://www.youtube.com/watch?v=S62B8g3ROME&list=PLHUIPfxIAsYMNC4Jk9zComB3KbV3OzGFU&index=39&t=0s
[그랩더기타] She's Gone(쉬즈곤) - Steelheart (스틸하트) [Guitar Tutorial/통기타 강좌] - YouTube,,,,,,,2015. 9. 9.,"105,726",https://www.youtube.com/watch?v=hJQwqJbrMWo&list=PLHUIPfxIAsYMNC4Jk9zComB3KbV3OzGFU&index=40&t=0s
"[그랩더기타] Good Time - Owl City, Carly Rae Jepsen [Guitar Tutorial/통기타 강좌] - YouTube",,,,,,,2015. 9. 2.,"17,849",https://www.youtube.com/watch?v=LGRDi8s2pO0&list=PLHUIPfxIAsYMNC4Jk9zComB3KbV3OzGFU&index=41&t=0s
[그랩더기타] People Are People - M.Y.M.P [Guitar Tutorial/통기타 강좌] - YouTube,,,,,,,2015. 8. 17.,"5,115",https://www.youtube.com/watch?v=-P37trWjmLI&list=PLHUIPfxIAsYMNC4Jk9zComB3KbV3OzGFU&index=42&t=0s
[그랩더기타] 음오아예 (Um Oh Ah Yeh) - 마마무 (Mamamoo) [Guitar Tutorial/통기타 강좌] - YouTube,,,,,,,2015. 8. 7.,"48,375",https://www.youtube.com/watch?v=tSXzQmqmOD4&list=PLHUIPfxIAsYMNC4Jk9zComB3KbV3OzGFU&index=43&t=0s
[그랩더기타] Just The Way You Are - Bruno Mars (브루노 마스) [Guitar Tutorial/Lesson/통기타 강좌] - YouTube,,,,,,,2015. 8. 5.,"42,447",https://www.youtube.com/watch?v=WcYHnWEpju0&list=PLHUIPfxIAsYMNC4Jk9zComB3KbV3OzGFU&index=44&t=0s
[그랩더기타] 한여름 밤의 고백(Confession In Summer) - 쿨(COOL) [Guitar Tutorial/Lesson/통기타 강좌] - YouTube,,,,,,,2015. 7. 27.,"8,128",https://www.youtube.com/watch?v=d3CCUtFPM78&list=PLHUIPfxIAsYMNC4Jk9zComB3KbV3OzGFU&index=45&t=0s
[그랩더기타] 이럴거면 그러지말지(Shouldn't have...) - 백아연 [Guitar Tutorial/Lesson/기타/통기타 강좌] - YouTube,,,,,,,2015. 7. 16.,"37,598",https://www.youtube.com/watch?v=vn4AlzJk_J8&list=PLHUIPfxIAsYMNC4Jk9zComB3KbV3OzGFU&index=46&t=0s
[그랩더기타] Reason (리즌) - 스탠딩 에그 (Standing Egg) [Guitar/기타/강좌/통기타/배우기/주법/독학] - YouTube,,,,,,,2015. 6. 29.,"14,433",https://www.youtube.com/watch?v=p85ieqc-pM8&list=PLHUIPfxIAsYMNC4Jk9zComB3KbV3OzGFU&index=47&t=0s
[그랩더기타] 나의 옛날 이야기 - 아이유(IU) [Guitar/기타/강좌/통기타/배우기/주법/독학] - YouTube,,,,,,,2015. 6. 18.,"51,305",https://www.youtube.com/watch?v=sjZe1qUiNls&list=PLHUIPfxIAsYMNC4Jk9zComB3KbV3OzGFU&index=48&t=0s
[그랩더기타] 달링(Darling) - 이승철 ('Producer' OST ver.) [Guitar Tutorial /기타/통기타/레슨/강좌/배우기/독학] - YouTube,,,,,,,2015. 5. 27.,"4,827",https://www.youtube.com/watch?v=vuRZYVJ6xLg&list=PLHUIPfxIAsYMNC4Jk9zComB3KbV3OzGFU&index=49&t=0s
[그랩더기타] 별빛이 내린다 - 안녕바다 [Guitar Tutorial /기타/코드/통기타/강좌/배우기/독학/주법] - YouTube,,,,,,,2015. 5. 28.,"32,739",https://www.youtube.com/watch?v=Un4O_yJZAnI&list=PLHUIPfxIAsYMNC4Jk9zComB3KbV3OzGFU&index=50&t=0s
"[그랩더기타] 또 다른 너 - 어반 자카파 (Urban Zakapa, 식샤를 합시다2 OST) [기타/통기타/독학/강좌/Guitar Tutorial] - YouTube",,,,,,,2015. 5. 18.,"9,276",https://www.youtube.com/watch?v=O_qgxVduUdw&list=PLHUIPfxIAsYMNC4Jk9zComB3KbV3OzGFU&index=51&t=0s
[그랩더기타] 막걸리나 - Busker Busker (Easy Steps)[Guitar Tutorial 기타 레슨] - YouTube,,,,,,,2015. 1. 29.,"12,929",https://www.youtube.com/watch?v=9rrxGFKISAY&list=PLHUIPfxIAsYMNC4Jk9zComB3KbV3OzGFU&index=52&t=0s
롱디(Hold on) - 로이킴(Roy Kim) [Guitar Tutorial 기타 강좌] - YouTube,,,,,,,2014. 11. 16.,"4,789",https://www.youtube.com/watch?v=DK3md1SYlNg&list=PLHUIPfxIAsYMNC4Jk9zComB3KbV3OzGFU&index=53&t=0s
The Show - Lenka(렌카) [Guitar Tutorial/기타 강좌] - YouTube,,,,,,,2014. 11. 3.,"25,447",https://www.youtube.com/watch?v=8G_RLmyCBvI&list=PLHUIPfxIAsYMNC4Jk9zComB3KbV3OzGFU&index=54&t=0s
Hallelujah(할렐루야) - Jeff Buckley(제프 버클리) [Guitar Tutorial/기타 강좌] - YouTube,,,,,,,2014. 11. 2.,"10,495",https://www.youtube.com/watch?v=D_3-YcGD74s&list=PLHUIPfxIAsYMNC4Jk9zComB3KbV3OzGFU&index=55&t=0s
저녁하늘(Evening Sky) - 에일리(Ailee) [Guitar Tutorial 기타 강좌] - YouTube,,,,,,,2014. 12. 22.,"29,353",https://www.youtube.com/watch?v=QaMC7epHgr4&list=PLHUIPfxIAsYMNC4Jk9zComB3KbV3OzGFU&index=56&t=0s
Jingle Bell Rock - Britt Nicole [Guitar Tutorial 기타 강좌] - YouTube,,,,,,,2014. 12. 16.,"14,019",https://www.youtube.com/watch?v=dKkDy7bB_iM&list=PLHUIPfxIAsYMNC4Jk9zComB3KbV3OzGFU&index=57&t=0s
Santa Claus Is Comin' To Town - Mariah Carey (캐롤) [Guitar Tutorial 기타 강좌] - YouTube,,,,,,,2014. 12. 13.,"16,674",https://www.youtube.com/watch?v=Ejpb2NhrY2A&list=PLHUIPfxIAsYMNC4Jk9zComB3KbV3OzGFU&index=58&t=0s
Payphone - Maroon5 [Guitar Tutorial/기타 강좌] - YouTube,,,,,,,2014. 10. 16.,"44,425",https://www.youtube.com/watch?v=Ui570K4vQDc&list=PLHUIPfxIAsYMNC4Jk9zComB3KbV3OzGFU&index=59&t=0s
시간과 낙엽(Time And Fallen Leaves) - 악동뮤지션(AKMU) [기타 강좌/Guitar Tutorial] - YouTube,,,,,,,2014. 10. 12.,"31,517",https://www.youtube.com/watch?v=T4fTG2QnDwc&list=PLHUIPfxIAsYMNC4Jk9zComB3KbV3OzGFU&index=60&t=0s
"당신만이(Only You) - 벗님들 (슈퍼스타k6 - 곽진언, 김필, 임도혁) [기타 레슨/Guitar Tutorial] - YouTube",,,,,,,2014. 10. 9.,"16,997",https://www.youtube.com/watch?v=vP2HtGdy5OU&list=PLHUIPfxIAsYMNC4Jk9zComB3KbV3OzGFU&index=61&t=0s
9 Crimes - Damien Rice [Guitar Tutorial/기타 강좌] - YouTube,,,,,,,2014. 10. 26.,"20,674",https://www.youtube.com/watch?v=fTKzqRx-8OA&list=PLHUIPfxIAsYMNC4Jk9zComB3KbV3OzGFU&index=62&t=0s
손대지마(Don't Touch Me) - 에일리(Ailee) [Guitar Tutorial/기타 강좌] - YouTube,,,,,,,2014. 10. 23.,"11,336",https://www.youtube.com/watch?v=isUW1ZphMpg&list=PLHUIPfxIAsYMNC4Jk9zComB3KbV3OzGFU&index=63&t=0s
안아줘요(Hug Me) - 곽진언(슈퍼스타k6) [Guitar Tutorial/기타 레슨] - YouTube,,,,,,,2014. 10. 19.,"6,825",https://www.youtube.com/watch?v=tikUCXqHI1Q&list=PLHUIPfxIAsYMNC4Jk9zComB3KbV3OzGFU&index=64&t=0s
"별, 그대(Star, You) - 정용화(of CNBLUE) [기타 배우기 / Guitar Lesson] - YouTube",,,,,,,2014. 12. 23.,"12,447",https://www.youtube.com/watch?v=d2R5UU3zP3Y&list=PLHUIPfxIAsYMNC4Jk9zComB3KbV3OzGFU&index=65&t=0s
"[그랩더기타] 나 그대에게 모두 드리리 - 정우, 한효주(쎄씨봉OST) [Guitar Tutorial 기타레슨] - YouTube",,,,,,,2015. 3. 12.,"123,200",https://www.youtube.com/watch?v=FMpKDV0wU_w&list=PLHUIPfxIAsYMNC4Jk9zComB3KbV3OzGFU&index=66&t=0s
[그랩더기타] 이등병의 편지 - 김광석 [기타 레슨/Guitar Tutorial] - YouTube,,,,,,,2015. 2. 9.,"69,486",https://www.youtube.com/watch?v=rfRkWgiZZts&list=PLHUIPfxIAsYMNC4Jk9zComB3KbV3OzGFU&index=67&t=0s
[그랩더기타] Lucky Strike - Maroon 5 [Guitar Tutorial / Cover / 기타레슨] - YouTube,,,,,,,2015. 2. 5.,"32,780",https://www.youtube.com/watch?v=rCyUcIWKtMw&list=PLHUIPfxIAsYMNC4Jk9zComB3KbV3OzGFU&index=68&t=0s
[그랩더기타] 개똥벌레 - 신형원 (Korean Old Pop) [Guitar Tutorial 기타 강좌] - YouTube,,,,,,,2015. 5. 6.,"123,601",https://www.youtube.com/watch?v=Lujs3E3KRZE&list=PLHUIPfxIAsYMNC4Jk9zComB3KbV3OzGFU&index=69&t=0s
[그랩더기타] 봄봄봄 - 로이킴(Roy Kim) [Guitar Tutorial 기타레슨] - YouTube,,,,,,,2015. 3. 16.,"294,569",https://www.youtube.com/watch?v=b1OoEhYciXs&list=PLHUIPfxIAsYMNC4Jk9zComB3KbV3OzGFU&index=70&t=0s
[그랩더기타] 너의 의미 - 아이유 (feat.김창완) [Guitar Tutorial 기타레슨] - YouTube,,,,,,,2015. 3. 12.,"191,796",https://www.youtube.com/watch?v=FHJGGQMh0tU&list=PLHUIPfxIAsYMNC4Jk9zComB3KbV3OzGFU&index=71&t=0s
쓰여지지 않은 삶 - 스웨덴 세탁소 [Guitar lesson 기타 레슨] - YouTube,,,,,,,2015. 1. 1.,"3,265",https://www.youtube.com/watch?v=8KFHWK6ojS4&list=PLHUIPfxIAsYMNC4Jk9zComB3KbV3OzGFU&index=72&t=0s
맘에 걸려 - 스탠딩에그 [기타 강좌 Guitar Lesson] - YouTube,,,,,,,2014. 12. 27.,"5,945",https://www.youtube.com/watch?v=2is8_CLX0UA&list=PLHUIPfxIAsYMNC4Jk9zComB3KbV3OzGFU&index=73&t=0s
오래전 안녕 - 에릭남 [Guitar Lesson] - YouTube,,,,,,,2014. 12. 25.,"5,066",https://www.youtube.com/watch?v=gTGzjkfMEPM&list=PLHUIPfxIAsYMNC4Jk9zComB3KbV3OzGFU&index=74&t=0s
나는 나비 - YB (Guitar Tutorial 기타 레슨) - YouTube,,,,,,,2015. 1. 21.,"200,598",https://www.youtube.com/watch?v=XDhiLcCj0tY&list=PLHUIPfxIAsYMNC4Jk9zComB3KbV3OzGFU&index=75&t=0s
We Are Never Ever Getting Back Together - Taylor Swift [guitar tutorial 기타 레슨] - YouTube,,,,,,,2015. 1. 10.,"9,294",https://www.youtube.com/watch?v=43bnFgTe328&list=PLHUIPfxIAsYMNC4Jk9zComB3KbV3OzGFU&index=76&t=0s
끼부리지마 - 위너(Winner) [Guitar tutorial 기타 레슨] - YouTube,,,,,,,2015. 1. 3.,"15,029",https://www.youtube.com/watch?v=vxL3qgvZAkE&list=PLHUIPfxIAsYMNC4Jk9zComB3KbV3OzGFU&index=77&t=0s
"
바른 음악 생활 🤘😠👍"
"그랩더기타 ""타브악보집 SEASON #1"" 출간되었습니다! - YouTube",,,,,,,2019. 11. 18.,"8,742",https://www.youtube.com/watch?v=h_4PJe1UYTw&list=PLHUIPfxIAsYOVJzgTTj1qRjcMrR4yioBG&index=2&t=0s
"[TEASER] 그랩더기타 타브악보집 SEASON #1, 11월 18일 출간 확정!🤩 - YouTube",,,,,,,2019. 11. 15.,"4,327",https://www.youtube.com/watch?v=dJmfpfP-7b4&list=PLHUIPfxIAsYOVJzgTTj1qRjcMrR4yioBG&index=3&t=0s
당신의 연주가 어설프게 들리는 이유.. 어떻게 좋은 소리를 낼까?? [바른음악생활] - YouTube,,,,,,,2019. 11. 6.,"27,361",https://www.youtube.com/watch?v=Y2BW4kPS1Fs&list=PLHUIPfxIAsYOVJzgTTj1qRjcMrR4yioBG&index=4&t=0s
"통기타 슬라이드 활용 팁, 연주의 재미 x9999 상승!! [바른음악생활] (Eng Sub) - YouTube",,,,,,,2019. 10. 27.,"32,427",https://www.youtube.com/watch?v=FvKHjAvIaD0&list=PLHUIPfxIAsYOVJzgTTj1qRjcMrR4yioBG&index=5&t=0s
그랩더기타 타브악보집 출간되었습니다! [LIMITED EDITION vol.1] - YouTube,,,,,,,2018. 7. 5.,"38,055",https://www.youtube.com/watch?v=BDYjncjQIBQ&list=PLHUIPfxIAsYOVJzgTTj1qRjcMrR4yioBG&index=6&t=0s
그랩더기타 타브악보집 LIMITED EDITION Vol.1 이 7월 6일 (금요일) 출간됩니다! - YouTube,,,,,,,2018. 6. 29.,"9,935",https://www.youtube.com/watch?v=rrEOguquMmw&list=PLHUIPfxIAsYOVJzgTTj1qRjcMrR4yioBG&index=7&t=0s
"[EVENT!] 그랩더기타 악보집 초판 완판 및 서점 입고 기념, 특별 경품 이벤트! - YouTube",,,,,,,2018. 1. 26.,"9,983",https://www.youtube.com/watch?v=XGuRoo-TXs4&list=PLHUIPfxIAsYOVJzgTTj1qRjcMrR4yioBG&index=8&t=0s
"그랩더기타 코드악보집 ""SONGBOOK 200"" 출시하였습니다! - YouTube",,,,,,,2017. 12. 6.,"39,831",https://www.youtube.com/watch?v=5Qon2WKhxOA&list=PLHUIPfxIAsYOVJzgTTj1qRjcMrR4yioBG&index=9&t=0s
[TEASER] 그랩더기타 코드악보집 12월 7일 출간 확정! 😍 - YouTube,,,,,,,2017. 12. 4.,"5,541",https://www.youtube.com/watch?v=g9NgxozV1Zc&list=PLHUIPfxIAsYOVJzgTTj1qRjcMrR4yioBG&index=10&t=0s
크리스마스 특별 영상! 캐롤 기타 커버 (Christmas Carol Guitar Cover) [바른음악생활] (Eng Sub) - YouTube,,,,,,,2016. 12. 23.,"47,597",https://www.youtube.com/watch?v=tC-jlyR6skg&list=PLHUIPfxIAsYOVJzgTTj1qRjcMrR4yioBG&index=11&t=0s
기타 속으로 들어간 피크 쉽게 빼는법?? [바른음악생활] (Eng Sub) - YouTube,,,,,,,2016. 10. 13.,"48,724",https://www.youtube.com/watch?v=Xl2rMaAoUXg&list=PLHUIPfxIAsYOVJzgTTj1qRjcMrR4yioBG&index=12&t=0s
"
난이도 [ 기 타 리 스 O ]"
워커홀릭 (Workaholic) - 볼빨간 사춘기 (BOL4) [강좌 l Guitar Lesson l Tutorial l 통기타 초보 ] - YouTube,,,,,,,2019. 10. 4.,"21,651",https://www.youtube.com/watch?v=Xtk4FwQ-Xko&list=PLHUIPfxIAsYPH5N3icuvL0No2IWZu2qbf&index=2&t=0s
안녕 - 폴킴 (호텔 델루나 OST) [통기타 강좌 l 배우기] - YouTube,,,,,,,2019. 9. 19.,"37,653",https://www.youtube.com/watch?v=pOoDFMTg1l8&list=PLHUIPfxIAsYPH5N3icuvL0No2IWZu2qbf&index=3&t=0s
"모든 날, 모든 순간 - 폴킴(Paul Kim) [강좌 l Guitar Lesson l Tutorial l 통기타 배우기 ] - YouTube",,,,,,,2019. 7. 5.,"101,765",https://www.youtube.com/watch?v=pdMghcTMV74&list=PLHUIPfxIAsYPH5N3icuvL0No2IWZu2qbf&index=4&t=0s
bad guy - Billie Eilish [강좌 l Guitar Lesson l Tutorial l 통기타 배우기 ] - YouTube,,,,,,,2019. 6. 26.,"37,239",https://www.youtube.com/watch?v=OWGEtPjmiuQ&list=PLHUIPfxIAsYPH5N3icuvL0No2IWZu2qbf&index=5&t=0s
주저하는 연인들을 위해 - 잔나비 [강좌 l Guitar Lesson l Tutorial l 기타 배우기] - YouTube,,,,,,,2019. 5. 3.,"68,565",https://www.youtube.com/watch?v=AM31S0sIDYU&list=PLHUIPfxIAsYPH5N3icuvL0No2IWZu2qbf&index=6&t=0s
당신과는 천천히 - 장범준 [강좌 l Guitar Lesson l Tutorial l 기타 ] - YouTube,,,,,,,2019. 4. 13.,"21,121",https://www.youtube.com/watch?v=TjeIIxbpGB4&list=PLHUIPfxIAsYPH5N3icuvL0No2IWZu2qbf&index=7&t=0s
[그랩더기타] 소년점프 - MOMMY SON (마미손) [Guitar Tutorial｜기타 강좌] - YouTube,,,,,,,2018. 10. 2.,"21,544",https://www.youtube.com/watch?v=RBlhzk0Onr4&list=PLHUIPfxIAsYPH5N3icuvL0No2IWZu2qbf&index=8&t=0s
[그랩더기타] 그때 헤어지면 돼 (Only then) -로이킴 (Roy Kim) [Guitar Tutorial｜기타 강좌] - YouTube,,,,,,,2018. 8. 7.,"44,090",https://www.youtube.com/watch?v=NWCk7AS94Ws&list=PLHUIPfxIAsYPH5N3icuvL0No2IWZu2qbf&index=9&t=0s
[그랩더기타] 뿜뿜 (BBOOM BBOOM) - MOMOLAND (모모랜드) [Guitar Tutorial｜기타 강좌] - YouTube,,,,,,,2018. 2. 20.,"51,688",https://www.youtube.com/watch?v=H6k2z00AFTE&list=PLHUIPfxIAsYPH5N3icuvL0No2IWZu2qbf&index=10&t=0s
[그랩더기타] Instagram (인스타그램) - DEAN (딘) [Guitar Tutorial｜기타 강좌] - YouTube,,,,,,,2018. 2. 2.,"131,461",https://www.youtube.com/watch?v=jeuucGr7FtU&list=PLHUIPfxIAsYPH5N3icuvL0No2IWZu2qbf&index=11&t=0s
[그랩더기타] 폰서트 (Phonecert) - 10CM (십센치) [Guitar Tutorial｜기타 강좌] - YouTube,,,,,,,2017. 12. 29.,"143,864",https://www.youtube.com/watch?v=zjlTV0ALJ70&list=PLHUIPfxIAsYPH5N3icuvL0No2IWZu2qbf&index=12&t=0s
[그랩더기타] 가을 아침 (Autumn Morning) - 아이유 (IU) [Guitar Tutorial｜기타 강좌] - YouTube,,,,,,,2017. 9. 30.,"101,979",https://www.youtube.com/watch?v=XOkuZLx9Hq8&list=PLHUIPfxIAsYPH5N3icuvL0No2IWZu2qbf&index=13&t=0s
[그랩더기타] 좋니 (Like It) - 윤종신 (Jong Shin Yoon) [Guitar Tutorial｜기타 강좌] - YouTube,,,,,,,2017. 9. 9.,"65,873",https://www.youtube.com/watch?v=8y1hcZ42HPk&list=PLHUIPfxIAsYPH5N3icuvL0No2IWZu2qbf&index=14&t=0s
[그랩더기타] Dust In The Wind - Kansas (캔자스) [Guitar Tutorial｜기타 강좌] - YouTube,,,,,,,2017. 8. 11.,"97,440",https://www.youtube.com/watch?v=CRTOds9DrQA&list=PLHUIPfxIAsYPH5N3icuvL0No2IWZu2qbf&index=15&t=0s
[(안)쉬움주의] Get Lucky - Daft Punk (다프트 펑크) [Guitar Tutorial｜기타 강좌] - YouTube,,,,,,,2017. 7. 27.,"64,455",https://www.youtube.com/watch?v=1ERobCWjslM&list=PLHUIPfxIAsYPH5N3icuvL0No2IWZu2qbf&index=16&t=0s
[그랩더기타] 초록창가 (Green Window) - 악동뮤지션 (AKMU) [Guitar Tutorial｜기타 강좌] - YouTube,,,,,,,2017. 5. 18.,"12,825",https://www.youtube.com/watch?v=ROYhX8zn62A&list=PLHUIPfxIAsYPH5N3icuvL0No2IWZu2qbf&index=17&t=0s
[그랩더기타] 밤편지 (Through the Night) - 아이유 (IU) [Guitar Tutorial｜기타 강좌] - YouTube,,,,,,,2017. 4. 7.,"173,163",https://www.youtube.com/watch?v=Rjdz66w1K8g&list=PLHUIPfxIAsYPH5N3icuvL0No2IWZu2qbf&index=18&t=0s
[그랩더기타] KNOCK KNOCK - TWICE (트와이스) [Guitar Tutorial｜기타 강좌] - YouTube,,,,,,,2017. 3. 2.,"35,684",https://www.youtube.com/watch?v=3hhmkQaOUDM&list=PLHUIPfxIAsYPH5N3icuvL0No2IWZu2qbf&index=19&t=0s
[그랩더기타] Beautiful - 크러쉬 (Crush) '도깨비' OST [Guitar Tutorial｜기타 강좌] - YouTube,,,,,,,2017. 1. 11.,"273,060",https://www.youtube.com/watch?v=21UKUNdqMiI&list=PLHUIPfxIAsYPH5N3icuvL0No2IWZu2qbf&index=20&t=0s
[그랩더기타] 에라 모르겠다 (FXXK IT) - 빅뱅 (BIGBANG) [Guitar Tutorial｜기타 강좌] - YouTube,,,,,,,2016. 12. 16.,"25,939",https://www.youtube.com/watch?v=hyTuNm-3bsc&list=PLHUIPfxIAsYPH5N3icuvL0No2IWZu2qbf&index=21&t=0s
[그랩더기타] 심술 (Grumpy) - 볼빨간 사춘기 (Bolbbalgan 4) [Guitar Tutorial｜기타 강좌] - YouTube,,,,,,,2016. 11. 24.,"106,635",https://www.youtube.com/watch?v=zy5GmC73qvc&list=PLHUIPfxIAsYPH5N3icuvL0No2IWZu2qbf&index=22&t=0s
[그랩더기타]  이 소설의 끝을 다시 써보려 해 - 한동근 (Han Dong Geun) [Guitar Tutorial｜기타 강좌] - YouTube,,,,,,,2016. 11. 17.,"52,834",https://www.youtube.com/watch?v=JGzv-Mk24qA&list=PLHUIPfxIAsYPH5N3icuvL0No2IWZu2qbf&index=23&t=0s
[그랩더기타] 우주를 줄게 (Galaxy)  - 볼빨간 사춘기 (BOLBBALGAN4) [Guitar Tutorial｜기타 강좌] - YouTube,,,,,,,2016. 10. 18.,"259,841",https://www.youtube.com/watch?v=6uJwIlwsR_Y&list=PLHUIPfxIAsYPH5N3icuvL0No2IWZu2qbf&index=24&t=0s
[그랩더기타] 내가 저지른 사랑 - 임창정 (Im Chang Jung) [Guitar Tutorial｜기타 강좌] - YouTube,,,,,,,2016. 9. 8.,"60,452",https://www.youtube.com/watch?v=RYXKprh1Nvo&list=PLHUIPfxIAsYPH5N3icuvL0No2IWZu2qbf&index=25&t=0s
"[그랩더기타] Ring My Bell ""함부로 애틋하게 (Uncontrollably Fond) OST"" - 수지 (Suzy) [Guitar Tutorial｜기타 강좌] - YouTube",,,,,,,2016. 9. 2.,"35,462",https://www.youtube.com/watch?v=lDqjcgtxkUw&list=PLHUIPfxIAsYPH5N3icuvL0No2IWZu2qbf&index=26&t=0s
[그랩더기타] 너 그리고 나 (NAVILLERA) - 여자친구 (GFRIEND) [Guitar Tutorial｜기타 강좌] - YouTube,,,,,,,2016. 8. 16.,"31,148",https://www.youtube.com/watch?v=LhK-NpvcfTM&list=PLHUIPfxIAsYPH5N3icuvL0No2IWZu2qbf&index=27&t=0s
[그랩더기타] 여름밤에 우린 (Summer Night You And I) - 스탠딩에그(Standing EGG) [Guitar Tutorial｜기타 강좌] - YouTube,,,,,,,2016. 8. 9.,"54,507",https://www.youtube.com/watch?v=5WaGdcWY5jo&list=PLHUIPfxIAsYPH5N3icuvL0No2IWZu2qbf&index=28&t=0s
[그랩더기타] 사람들이 움직이는 게 (How People Move) - 악동뮤지션 (AKMU) [Guitar Tutorial｜기타 강좌] - YouTube,,,,,,,2016. 7. 28.,"16,685",https://www.youtube.com/watch?v=MRmonQ7Xrf0&list=PLHUIPfxIAsYPH5N3icuvL0No2IWZu2qbf&index=29&t=0s
[그랩더기타] 홍대와 건대 사이 (To Hongdae) - 장범준 (Jang Beom June) [Guitar Tutorial｜기타 강좌] 홍건사 - YouTube,,,,,,,2016. 5. 31.,"68,417",https://www.youtube.com/watch?v=RyCGSEC5-qw&list=PLHUIPfxIAsYPH5N3icuvL0No2IWZu2qbf&index=30&t=0s
[그랩더기타] 하늘바라기(Hopefully Sky)(Feat. 하림) - 정은지 (Jeong Eun Ji) [Guitar Tutorial｜기타 강좌] - YouTube,,,,,,,2016. 5. 27.,"66,345",https://www.youtube.com/watch?v=NB10hh-N7Xs&list=PLHUIPfxIAsYPH5N3icuvL0No2IWZu2qbf&index=31&t=0s
[그랩더기타] You Are My Everything - 거미 (Gummy)ㅣ태양의 후예 OST part.4  [Guitar Tutorial｜기타 강좌] - YouTube,,,,,,,2016. 5. 6.,"52,362",https://www.youtube.com/watch?v=TR-_dd94PVM&list=PLHUIPfxIAsYPH5N3icuvL0No2IWZu2qbf&index=32&t=0s
[그랩더기타] 거짓말 거짓말 거짓말 (Lie Lie Lie) - 이적 (Lee Juck) [Guitar Tutorial｜기타 강좌] - YouTube,,,,,,,2016. 4. 4.,"26,107",https://www.youtube.com/watch?v=mH3hzCeLIZI&list=PLHUIPfxIAsYPH5N3icuvL0No2IWZu2qbf&index=33&t=0s
[그랩더기타] 사랑가시 PRICKED (민호&태현) - WINNER (위너) [Guitar Tutorial｜기타 강좌] - YouTube,,,,,,,2016. 3. 18.,"8,500",https://www.youtube.com/watch?v=XAFYF1dPoS8&list=PLHUIPfxIAsYPH5N3icuvL0No2IWZu2qbf&index=34&t=0s
[그랩더기타] 200% - 악동뮤지션 (AKMU) [Guitar Tutorial｜기타 강좌] - YouTube,,,,,,,2016. 3. 15.,"43,019",https://www.youtube.com/watch?v=G0OEG0nLh4I&list=PLHUIPfxIAsYPH5N3icuvL0No2IWZu2qbf&index=35&t=0s
[그랩더기타] 봄인가 봐 (Spring Love) - 에릭남 x 웬디(Eric Nam x Wendy) [Guitar Tutorial｜통기타 강좌] - YouTube,,,,,,,2016. 3. 7.,"107,161",https://www.youtube.com/watch?v=QJdofYSDi2Y&list=PLHUIPfxIAsYPH5N3icuvL0No2IWZu2qbf&index=36&t=0s
[그랩더기타] 널 생각해 (Thinking of You) - 원모어찬스 (One More Chance) [Guitar Tutorial/통기타 강좌] - YouTube,,,,,,,2016. 3. 4.,"65,710",https://www.youtube.com/watch?v=kJVuFjutbYQ&list=PLHUIPfxIAsYPH5N3icuvL0No2IWZu2qbf&index=37&t=0s
[그랩더기타]  시간을 달려서(Rough) - 여자친구(GFRIEND) [Guitar Tutorial/통기타 강좌] - YouTube,,,,,,,2016. 2. 26.,"50,902",https://www.youtube.com/watch?v=BdHHEkMvs-w&list=PLHUIPfxIAsYPH5N3icuvL0No2IWZu2qbf&index=38&t=0s
[그랩더기타] 연애하고 싶다(I WANT TO FALL IN LOVE) - WABLE(와블) [Guitar Tutorial/통기타 강좌] - YouTube,,,,,,,2016. 2. 18.,"5,428",https://www.youtube.com/watch?v=FXK6ajxWX00&list=PLHUIPfxIAsYPH5N3icuvL0No2IWZu2qbf&index=39&t=0s
[그랩더기타] 혜화동(Hyehwa-Dong) - 박보람(Park Boram) [Guitar Tutorial/통기타 강좌] - YouTube,,,,,,,2016. 2. 15.,"60,481",https://www.youtube.com/watch?v=No0CGosygnU&list=PLHUIPfxIAsYPH5N3icuvL0No2IWZu2qbf&index=40&t=0s
[그랩더기타] 잊어버리지마(Don't Forget) - 크러쉬(Crush) [Guitar Tutorial/통기타 강좌] - YouTube,,,,,,,2016. 1. 29.,"49,382",https://www.youtube.com/watch?v=lSaYQwQpQnY&list=PLHUIPfxIAsYPH5N3icuvL0No2IWZu2qbf&index=41&t=0s
[그랩더기타] 북두칠성(The Great Dipper) - 로이킴(Roy Kim) [Guitar Tutorial/통기타 강좌] - YouTube,,,,,,,2016. 1. 18.,"27,835",https://www.youtube.com/watch?v=nnL2K25AerY&list=PLHUIPfxIAsYPH5N3icuvL0No2IWZu2qbf&index=42&t=0s
[그랩더기타] 사랑은 타이밍 (Love Is Timing) - 버스커버스커(Busker Busker) [Guitar Tutorial/통기타 강좌] - YouTube,,,,,,,2016. 1. 1.,"71,047",https://www.youtube.com/watch?v=1yCNfB7ejPg&list=PLHUIPfxIAsYPH5N3icuvL0No2IWZu2qbf&index=43&t=0s
"[그랩더기타] 소녀(A Little Girl) - 오혁 (Oh Hyuk),응답하라 1988 ost [Guitar Tutorial/통기타 강좌] - YouTube",,,,,,,2015. 12. 18.,"144,018",https://www.youtube.com/watch?v=Q0jUtKcuego&list=PLHUIPfxIAsYPH5N3icuvL0No2IWZu2qbf&index=44&t=0s
[그랩더기타] 취중진담 (Drunken Truth) - 김동률 (Kim Dong Ryul) [Guitar Tutorial/통기타 강좌] - YouTube,,,,,,,2015. 12. 11.,"36,807",https://www.youtube.com/watch?v=Kvs1scvdqtA&list=PLHUIPfxIAsYPH5N3icuvL0No2IWZu2qbf&index=45&t=0s
[그랩더기타] 걱정말아요 그대 (Don't Worry) - 이적(Lee Juck) [Guitar Tutorial/통기타 강좌] - YouTube,,,,,,,2015. 12. 4.,"1,050,410",https://www.youtube.com/watch?v=I99eDM6Zr7o&list=PLHUIPfxIAsYPH5N3icuvL0No2IWZu2qbf&index=46&t=0s
[그랩더기타] 다행이다 (It's Fortunate) - 이적 (Lee Juck) [Guitar Tutorial/통기타 강좌] - YouTube,,,,,,,2015. 12. 1.,"33,165",https://www.youtube.com/watch?v=211Vv5t56sc&list=PLHUIPfxIAsYPH5N3icuvL0No2IWZu2qbf&index=47&t=0s
[그랩더기타] 푸르던 (The Shower) - 아이유 (IU) [Guitar Tutorial/통기타 강좌] - YouTube,,,,,,,2015. 11. 2.,"61,931",https://www.youtube.com/watch?v=tGD2ane0VhE&list=PLHUIPfxIAsYPH5N3icuvL0No2IWZu2qbf&index=48&t=0s
[그랩더기타] 스물셋(Twenty-Three) - 아이유 (IU) [Guitar Tutorial/통기타 강좌] - YouTube,,,,,,,2015. 10. 26.,"23,035",https://www.youtube.com/watch?v=PWo_wncJQPY&list=PLHUIPfxIAsYPH5N3icuvL0No2IWZu2qbf&index=49&t=0s
[그랩더기타] 스물셋 (Twenty-Three) - 아이유 (IU) [Guitar Tutorial/통기타 강좌] - YouTube,,,,,,,2015. 10. 26.,"1,656",https://www.youtube.com/watch?v=V5rZLzYSVr4&list=PLHUIPfxIAsYPH5N3icuvL0No2IWZu2qbf&index=50&t=0s
[그랩더기타] 사랑노래 같은 이별노래(Break-up Song Like A Love Song) - 어쿠루브(Acourve) [Guitar Tutorial/통기타 강좌] - YouTube,,,,,,,2015. 10. 21.,"15,499",https://www.youtube.com/watch?v=OcrSd4JysH0&list=PLHUIPfxIAsYPH5N3icuvL0No2IWZu2qbf&index=51&t=0s
[그랩더기타] Tears In Heaven - Eric Clapton [Guitar Tutorial/통기타 강좌] - YouTube,,,,,,,2015. 10. 16.,"221,279",https://www.youtube.com/watch?v=qk71whFWsNs&list=PLHUIPfxIAsYPH5N3icuvL0No2IWZu2qbf&index=52&t=0s
[그랩더기타] 1월부터 6월까지 (From January To June) - 윤종신 (Yoon Jong Shin) [Guitar Tutorial/통기타 강좌] - YouTube,,,,,,,2015. 10. 9.,"42,609",https://www.youtube.com/watch?v=wG8fu6-VY6s&list=PLHUIPfxIAsYPH5N3icuvL0No2IWZu2qbf&index=53&t=0s
[그랩더기타] 예뻐서(You're Beautiful) - 유승우(Yu Seung Woo) Feat. 루이 of 긱스  [Guitar Tutorial/통기타 강좌] - YouTube,,,,,,,2015. 9. 18.,"28,323",https://www.youtube.com/watch?v=HonZJdJ41cQ&list=PLHUIPfxIAsYPH5N3icuvL0No2IWZu2qbf&index=54&t=0s
"[그랩더기타] 레옹(Leon) - 이유 갓지 않은 이유 (EU GOD-G isn't EU) 박명수, 아이유 [Guitar Tutorial/통기타 강좌] - YouTube",,,,,,,2015. 8. 31.,"44,161",https://www.youtube.com/watch?v=_Oy5Cu0vV3k&list=PLHUIPfxIAsYPH5N3icuvL0No2IWZu2qbf&index=55&t=0s
[그랩더기타] 자니 (Johnny) - 프라이머리(Primary) Feat.DINAMICDUO [Guitar Tutorial/통기타 강좌] - YouTube,,,,,,,2015. 8. 27.,"18,777",https://www.youtube.com/watch?v=TKdPC8gebzk&list=PLHUIPfxIAsYPH5N3icuvL0No2IWZu2qbf&index=56&t=0s
[그랩더기타] If You - 빅뱅 (BIGBANG) [Guitar Tutorial/통기타 강좌] - YouTube,,,,,,,2015. 8. 12.,"362,074",https://www.youtube.com/watch?v=MuMWb48aoxU&list=PLHUIPfxIAsYPH5N3icuvL0No2IWZu2qbf&index=57&t=0s
[그랩더기타] 와리가리(Comes and Goes) - 혁오(Hyukoh) [Guitar Tutorial/Lesson/통기타 강좌] - YouTube,,,,,,,2015. 7. 23.,"259,085",https://www.youtube.com/watch?v=fO9FkcwMivs&list=PLHUIPfxIAsYPH5N3icuvL0No2IWZu2qbf&index=58&t=0s
[그랩더기타] 위잉위잉(Wi ing Wi ing) - 혁오(Hyukoh) [Guitar Tutorial/Lesson/통기타 강좌] - YouTube,,,,,,,2015. 7. 22.,"672,295",https://www.youtube.com/watch?v=aqZ1u4GtwzY&list=PLHUIPfxIAsYPH5N3icuvL0No2IWZu2qbf&index=59&t=0s
[그랩더기타] 첫사랑(First Love) - 버스커 버스커(Busker busker) [Guitar Tutorial/Lesson/통기타/기타 강좌] - YouTube,,,,,,,2015. 7. 20.,"211,767",https://www.youtube.com/watch?v=dFRdgQCXVGQ&list=PLHUIPfxIAsYPH5N3icuvL0No2IWZu2qbf&index=60&t=0s
[그랩더기타] Talk - 10CM (십센치) [Guitar/기타/강좌/통기타/배우기/주법/독학] - YouTube,,,,,,,2015. 7. 2.,"11,895",https://www.youtube.com/watch?v=_2XVLvTPCnA&list=PLHUIPfxIAsYPH5N3icuvL0No2IWZu2qbf&index=61&t=0s
[그랩더기타] Home - Michael Buble (마이클 부블레) [Guitar/기타/강좌/통기타/배우기/주법/독학] - YouTube,,,,,,,2015. 6. 15.,"33,902",https://www.youtube.com/watch?v=OKto6ZpbTaM&list=PLHUIPfxIAsYPH5N3icuvL0No2IWZu2qbf&index=62&t=0s
[그랩더기타] 바람이 불어오는 곳 - 김광석 [Guitar/기타/강좌/통기타/배우기/주법/독학] - YouTube,,,,,,,2015. 6. 17.,"178,820",https://www.youtube.com/watch?v=GiwpWOvzeCw&list=PLHUIPfxIAsYPH5N3icuvL0No2IWZu2qbf&index=63&t=0s
[그랩더기타] 오늘밤은 어둠이 무서워요 - 10CM(십센치) [Guitar /기타/강좌/통기타/배우기/독학/연습곡] - YouTube,,,,,,,2015. 6. 12.,"30,164",https://www.youtube.com/watch?v=0cftCkCxIeI&list=PLHUIPfxIAsYPH5N3icuvL0No2IWZu2qbf&index=64&t=0s
[그랩더기타] 라라라 - 이수영 [Guitar/통기타/배우기/기타/강좌/연습곡/독학/주법/k-pop] - YouTube,,,,,,,2015. 6. 10.,"17,504",https://www.youtube.com/watch?v=290_W01ObgA&list=PLHUIPfxIAsYPH5N3icuvL0No2IWZu2qbf&index=65&t=0s
[그랩더기타] 밤(Night) - 버스커버스커(Busker Busker) [Guitar/기타/통기타/배우기/강좌/독학] - YouTube,,,,,,,2015. 6. 4.,"41,556",https://www.youtube.com/watch?v=sMpIl-HmXYQ&list=PLHUIPfxIAsYPH5N3icuvL0No2IWZu2qbf&index=66&t=0s
[그랩더기타] 마음(Heart) - 아이유(IU) [Guitar Tutorial/기타강좌/통기타/배우기/독학/레슨/k-pop] - YouTube,,,,,,,2015. 5. 25.,"70,305",https://www.youtube.com/watch?v=tRrWGv9gyY8&list=PLHUIPfxIAsYPH5N3icuvL0No2IWZu2qbf&index=67&t=0s
[그랩더기타] Crescendo(크레센도) - 악동뮤지션(AKMU) [Guitar tutorial 통기타 강좌 레슨 배우기 독학 주법 k-pop] - YouTube,,,,,,,2015. 5. 21.,"31,229",https://www.youtube.com/watch?v=elcxKJgUtOQ&list=PLHUIPfxIAsYPH5N3icuvL0No2IWZu2qbf&index=68&t=0s
[그랩더기타] 본능적으로 - 강승윤 (슈퍼스타 K2) [Guitar Tutorial 기타 강좌] - YouTube,,,,,,,2015. 5. 14.,"52,812",https://www.youtube.com/watch?v=oHl44nkKOnk&list=PLHUIPfxIAsYPH5N3icuvL0No2IWZu2qbf&index=69&t=0s
안녕들 한가요 - 이재훈 [Guitar Lesson 기타 강좌] - YouTube,,,,,,,2014. 12. 22.,"3,457",https://www.youtube.com/watch?v=F-xRpcyWfpc&list=PLHUIPfxIAsYPH5N3icuvL0No2IWZu2qbf&index=70&t=0s
매일밤(Every Night) - EXID (Original Steps) [Guitar Tutorial 기타 강좌] - YouTube,,,,,,,2014. 12. 11.,"21,484",https://www.youtube.com/watch?v=NUlGXhCtv4k&list=PLHUIPfxIAsYPH5N3icuvL0No2IWZu2qbf&index=71&t=0s
[그랩더기타] It's Over - Eddy Kim(에디킴) [Guitar Tutorial 기타 레슨] - YouTube,,,,,,,2015. 2. 4.,"18,444",https://www.youtube.com/watch?v=FPdsIwGqNNc&list=PLHUIPfxIAsYPH5N3icuvL0No2IWZu2qbf&index=72&t=0s
[그랩더기타] 막걸리나 - Busker Busker (Original) [Guitar Tutorial 기타 레슨] - YouTube,,,,,,,2015. 1. 29.,"39,261",https://www.youtube.com/watch?v=ZrHFNhmCtig&list=PLHUIPfxIAsYPH5N3icuvL0No2IWZu2qbf&index=73&t=0s
Enough - Paloalto(팔로알토) [Guitar Tutorial 기타 강좌] - YouTube,,,,,,,2014. 12. 4.,"2,280",https://www.youtube.com/watch?v=jXiC4Ss2CXI&list=PLHUIPfxIAsYPH5N3icuvL0No2IWZu2qbf&index=74&t=0s
Different - Winner(위너) [Guitar Tutorial/기타 강좌] - YouTube,,,,,,,2014. 11. 6.,"32,426",https://www.youtube.com/watch?v=n18fsyoHF9c&list=PLHUIPfxIAsYPH5N3icuvL0No2IWZu2qbf&index=75&t=0s
Maps - Maroon5 [Guitar Tutorial/기타 강좌] - YouTube,,,,,,,2014. 10. 16.,"30,691",https://www.youtube.com/watch?v=OpCAJkgPcRc&list=PLHUIPfxIAsYPH5N3icuvL0No2IWZu2qbf&index=76&t=0s
유후(u who) - 유승우 (원곡) [Guitar Lesson] - YouTube,,,,,,,2014. 11. 30.,"6,424",https://www.youtube.com/watch?v=bMOD1HglvUg&list=PLHUIPfxIAsYPH5N3icuvL0No2IWZu2qbf&index=77&t=0s
그댈 마주하는건 힘들어(그마힘) - 버스커버스커(busker busker) [Guitar Tutorial 기타 강좌] - YouTube,,,,,,,2014. 11. 23.,"53,233",https://www.youtube.com/watch?v=pinNSE78_lU&list=PLHUIPfxIAsYPH5N3icuvL0No2IWZu2qbf&index=78&t=0s
[그랩더기타] 꽃송이가 - 버스커버스커(Busker Busker) [Guitar Tutorial 기타 강좌] - YouTube,,,,,,,2015. 4. 15.,"87,084",https://www.youtube.com/watch?v=5qAX7hPp0kQ&list=PLHUIPfxIAsYPH5N3icuvL0No2IWZu2qbf&index=79&t=0s
[그랩더기타] 봄바람 - 이문세 (feat. 나얼) [Guitar Tutorial 기타레슨] - YouTube,,,,,,,2015. 4. 8.,"12,429",https://www.youtube.com/watch?v=9Drssvu1g8I&list=PLHUIPfxIAsYPH5N3icuvL0No2IWZu2qbf&index=80&t=0s
"[그랩더기타] 먼지가 되어 - 로이킴, 정준영 (슈퍼스타K4) [Guitar Tutorial 기타강좌] - YouTube",,,,,,,2015. 4. 30.,"294,124",https://www.youtube.com/watch?v=Id89M4gfhGs&list=PLHUIPfxIAsYPH5N3icuvL0No2IWZu2qbf&index=81&t=0s
"[그랩더기타] 썸 (feat. 릴보이 of 긱스) - 소유, 정기고 [Guitar Tutorial 기타강좌] - YouTube",,,,,,,2015. 4. 24.,"31,820",https://www.youtube.com/watch?v=fuonyDk8YEQ&list=PLHUIPfxIAsYPH5N3icuvL0No2IWZu2qbf&index=82&t=0s
[그랩더기타] 하늘을 달리다 - 이적 [Guitar Tutorial 기타레슨] - YouTube,,,,,,,2015. 3. 19.,"153,768",https://www.youtube.com/watch?v=njfwekG0rD8&list=PLHUIPfxIAsYPH5N3icuvL0No2IWZu2qbf&index=83&t=0s
[그랩더기타] I Won't Give Up - Jason Mraz [Guitar Tutorial 기타 레슨] - YouTube,,,,,,,2015. 2. 19.,"19,757",https://www.youtube.com/watch?v=kKofqwXasvQ&list=PLHUIPfxIAsYPH5N3icuvL0No2IWZu2qbf&index=84&t=0s
[그랩더기타] 스토커(Stalker) - 10cm [Guitar Tutorial 기타 레슨] - YouTube,,,,,,,2015. 2. 12.,"212,682",https://www.youtube.com/watch?v=PfvHHZe7kuk&list=PLHUIPfxIAsYPH5N3icuvL0No2IWZu2qbf&index=85&t=0s
[그랩더기타] 광화문에서 - 규현 [Guitar Tutorial 기타레슨] - YouTube,,,,,,,2015. 3. 2.,"23,615",https://www.youtube.com/watch?v=aYyNp-5u8iI&list=PLHUIPfxIAsYPH5N3icuvL0No2IWZu2qbf&index=86&t=0s
[그랩더기타] 금요일에 만나요(Friday) - 아이유(IU) [Guitar Tutorial 기타레슨] - YouTube,,,,,,,2015. 2. 26.,"363,562",https://www.youtube.com/watch?v=Rn9td8dauY0&list=PLHUIPfxIAsYPH5N3icuvL0No2IWZu2qbf&index=87&t=0s
"
난이도 [ 기 O O O O  ]"
[쉬움주의] EUPHORIA -  BTS (방탄소년단) [Guitar Tutorial｜기타 강좌] - YouTube,,,,,,,2018. 9. 7.,"102,680",https://www.youtube.com/watch?v=zpun_MwNW8o&list=PLHUIPfxIAsYMcSgOAjj8jLd_GQ5LGVo70&index=2&t=0s
[쉬움주의] Havana (하바나) - Camila Cabello (ft. Young Thug) [Guitar Tutorial｜기타 강좌] - YouTube,,,,,,,2018. 4. 5.,"187,455",https://www.youtube.com/watch?v=p3mLyhprRs8&list=PLHUIPfxIAsYMcSgOAjj8jLd_GQ5LGVo70&index=3&t=0s
[쉬움주의] 싸운날 (Fight Day) - 볼빨간 사춘기 (Bolbbalgan4) [Guitar Tutorial｜기타 강좌] - YouTube,,,,,,,2017. 10. 20.,"161,585",https://www.youtube.com/watch?v=nbkwMtfsbkQ&list=PLHUIPfxIAsYMcSgOAjj8jLd_GQ5LGVo70&index=4&t=0s
[쉬움주의] 오락실 - 한스밴드 [Guitar Tutorial｜기타 강좌] - YouTube,,,,,,,2016. 10. 11.,"57,852",https://www.youtube.com/watch?v=k2e3S1rFD_g&list=PLHUIPfxIAsYMcSgOAjj8jLd_GQ5LGVo70&index=5&t=0s
[쉬움주의] 여행을 떠나요 - 조용필 [Guitar Tutorial｜기타 강좌] - YouTube,,,,,,,2016. 10. 4.,"222,766",https://www.youtube.com/watch?v=5YvbVdY-TWg&list=PLHUIPfxIAsYMcSgOAjj8jLd_GQ5LGVo70&index=6&t=0s
[그랩더기타] 밥만 잘 먹더라 (I Was Able To Eat Well) - 옴므 (Homme) [Guitar Tutorial｜기타 강좌] - YouTube,,,,,,,2016. 5. 9.,"54,691",https://www.youtube.com/watch?v=5UqGdL1AEv8&list=PLHUIPfxIAsYMcSgOAjj8jLd_GQ5LGVo70&index=7&t=0s
What's Up - 4 Non Blondes (Guitar Lesson for Beginner) [Guitar Tutorial｜기타 강좌] - YouTube,,,,,,,2016. 4. 19.,"26,572",https://www.youtube.com/watch?v=LuMBhfojL04&list=PLHUIPfxIAsYMcSgOAjj8jLd_GQ5LGVo70&index=8&t=0s
[그랩더기타] 키 작은 꼬마 이야기 (Story Of A Little Kid) - 하하 (Ha Ha) [Guitar Tutorial｜기타 강좌 ] - YouTube,,,,,,,2016. 4. 12.,"44,315",https://www.youtube.com/watch?v=uKcnqOIY054&list=PLHUIPfxIAsYMcSgOAjj8jLd_GQ5LGVo70&index=9&t=0s
[그랩더기타-Just Play!] 루돌프 사슴코 (Rudolph The Red-Nosed Reindeer) - 크리스마스 캐롤 [Guitar Tutorial/통기타 강좌] - YouTube,,,,,,,2015. 12. 23.,"37,116",https://www.youtube.com/watch?v=bsuZgHlviqY&list=PLHUIPfxIAsYMcSgOAjj8jLd_GQ5LGVo70&index=10&t=0s
[그랩더기타-Just Play!] 창밖을 보라 (Look Out The Window) - 크리스마스 캐롤 (Christmas Carol for Beginner) - YouTube,,,,,,,2015. 12. 21.,"22,382",https://www.youtube.com/watch?v=cFOKmXB-SSM&list=PLHUIPfxIAsYMcSgOAjj8jLd_GQ5LGVo70&index=11&t=0s
[그랩더기타] 담다디(Dam-Da-Di) - 이상은 (Leetzsche) Korean Old Pop [Guitar Tutorial/통기타 강좌] - YouTube,,,,,,,2015. 12. 14.,"28,280",https://www.youtube.com/watch?v=EhOGfLH2Zis&list=PLHUIPfxIAsYMcSgOAjj8jLd_GQ5LGVo70&index=12&t=0s
[그랩더기타] Isn't She Lovely (Easy Chords) - Stevie Wonder (스티비원더) [Guitar Tutorial/통기타 강좌] - YouTube,,,,,,,2015. 12. 7.,"96,093",https://www.youtube.com/watch?v=Jps-9sHnQdc&list=PLHUIPfxIAsYMcSgOAjj8jLd_GQ5LGVo70&index=13&t=0s
[그랩더기타] 공드리(Gondry) - 혁오(Hyukoh) [Guitar Tutorial/통기타 강좌] - YouTube,,,,,,,2015. 9. 16.,"68,263",https://www.youtube.com/watch?v=TnC1ik7QpAs&list=PLHUIPfxIAsYMcSgOAjj8jLd_GQ5LGVo70&index=14&t=0s
[그랩더기타] 겁 (Fear) - 송민호 (MINO) (feat. TaeYang of BIGBANG) [Guitar Tutorial/통기타 강좌] - YouTube,,,,,,,2015. 9. 14.,"46,553",https://www.youtube.com/watch?v=4XRwdRVcpSw&list=PLHUIPfxIAsYMcSgOAjj8jLd_GQ5LGVo70&index=15&t=0s
"[그랩더기타] 멋진헛간(Wonderful Barn) - 오대천왕 (정형돈, 밴드 혁오) [Guitar Tutorial/통기타 강좌] - YouTube",,,,,,,2015. 8. 27.,"72,566",https://www.youtube.com/watch?v=tOFcBoSOG0A&list=PLHUIPfxIAsYMcSgOAjj8jLd_GQ5LGVo70&index=16&t=0s
"[그랩더기타] 멋진헛간(Wonderful Barn) - 오대천왕(정형돈, 밴드 혁오) [Guitar Tutorial/통기타 강좌] - YouTube",,,,,,,2015. 8. 24.,"4,087",https://www.youtube.com/watch?v=Aw7DvR2FWT4&list=PLHUIPfxIAsYMcSgOAjj8jLd_GQ5LGVo70&index=17&t=0s
[그랩더기타] 블루 (Blue) - 빅뱅 (Big Bang) [Guitar/기타/강좌/통기타/배우기/주법/독학] - YouTube,,,,,,,2015. 7. 9.,"79,442",https://www.youtube.com/watch?v=_7zjaqMDbAw&list=PLHUIPfxIAsYMcSgOAjj8jLd_GQ5LGVo70&index=18&t=0s
[그랩더기타] Love The Way You Lie - Eminem(에미넴) [Guitar Tutorial /커버/통기타/기타/배우기/독학/강좌/쉬운곡/힙합/랩] - YouTube,,,,,,,2015. 6. 1.,"15,964",https://www.youtube.com/watch?v=kNg1k3_PJwY&list=PLHUIPfxIAsYMcSgOAjj8jLd_GQ5LGVo70&index=19&t=0s
[그랩더기타] Sunday Morning - Maroon 5 [Guitar Tutorial /기타강좌/통기타/연습곡/쉬운곡/마룬5/독학/배우기] - YouTube,,,,,,,2015. 5. 20.,"169,289",https://www.youtube.com/watch?v=9kwUrT6OxyQ&list=PLHUIPfxIAsYMcSgOAjj8jLd_GQ5LGVo70&index=20&t=0s
[그랩더기타] 꼬마야 - 산울림 [Guitar Tutorial 기타강좌] Old K-Pop - YouTube,,,,,,,2015. 5. 11.,"16,302",https://www.youtube.com/watch?v=S7jehVsWh7M&list=PLHUIPfxIAsYMcSgOAjj8jLd_GQ5LGVo70&index=21&t=0s
[그랩더기타] 길가에 앉아서 - 김세환 [Guitar Tutorial 기타강좌] - YouTube,,,,,,,2015. 4. 29.,"27,238",https://www.youtube.com/watch?v=GlRl-EzXRxo&list=PLHUIPfxIAsYMcSgOAjj8jLd_GQ5LGVo70&index=22&t=0s
Knocking On Heaven's Door - Bob Dylan [Guitar tutorial 기타강좌] - YouTube,,,,,,,2015. 4. 28.,"43,832",https://www.youtube.com/watch?v=04a1tY9ni68&list=PLHUIPfxIAsYMcSgOAjj8jLd_GQ5LGVo70&index=23&t=0s
[그랩더기타] Pokarekare Ana - New Zealand Maori Folk Song (연가 - 유상록 version) [Guitar Tutorial / 기타레슨] - YouTube,,,,,,,2015. 4. 22.,"17,581",https://www.youtube.com/watch?v=ayViGWFHLFQ&list=PLHUIPfxIAsYMcSgOAjj8jLd_GQ5LGVo70&index=24&t=0s
[그랩더기타] Viva La Vida - Coldplay [Guitar Tutorial 기타강좌] - YouTube,,,,,,,2015. 4. 20.,"83,604",https://www.youtube.com/watch?v=8c2GwiHzLfo&list=PLHUIPfxIAsYMcSgOAjj8jLd_GQ5LGVo70&index=25&t=0s
[그랩더기타] 조개껍질 묶어 - 강하늘 (쎄씨봉 OST) [Guitar Tutorial 기타 레슨] - YouTube,,,,,,,2015. 3. 18.,"85,060",https://www.youtube.com/watch?v=EHW9_buB6co&list=PLHUIPfxIAsYMcSgOAjj8jLd_GQ5LGVo70&index=26&t=0s
"[그랩더기타] 나 그대에게 모두 드리리 - 정우, 한효주(쎄씨봉OST) [Guitar Tutorial 기타레슨] - YouTube",,,,,,,2015. 3. 12.,"123,201",https://www.youtube.com/watch?v=FMpKDV0wU_w&list=PLHUIPfxIAsYMcSgOAjj8jLd_GQ5LGVo70&index=27&t=0s
[Grab The Guitar] Marry You - Bruno Mars [Guitar Tutorial 기타레슨] - YouTube,,,,,,,2015. 2. 23.,"79,368",https://www.youtube.com/watch?v=sNUZQCcR9ys&list=PLHUIPfxIAsYMcSgOAjj8jLd_GQ5LGVo70&index=28&t=0s
[그랩더기타] Sugar - Maroon 5 [Guitar Tutorial / Cover / 기타 레슨] - YouTube,,,,,,,2015. 2. 16.,"65,524",https://www.youtube.com/watch?v=ashGXygK-H0&list=PLHUIPfxIAsYMcSgOAjj8jLd_GQ5LGVo70&index=29&t=0s
"[그랩더기타] 벚꽃 엔딩 - 버스커버스커(Busker Busker) [Guitar Tutorial - Easy Steps / 기타레슨, 쉽게 치기!] - YouTube",,,,,,,2015. 2. 11.,"284,497",https://www.youtube.com/watch?v=80LJNpKHe2s&list=PLHUIPfxIAsYMcSgOAjj8jLd_GQ5LGVo70&index=30&t=0s
[그랩더기타] I'm Yours - Jason Mraz [Guitar Tutorial 기타 레슨] - YouTube,,,,,,,2015. 2. 2.,"227,871",https://www.youtube.com/watch?v=gk79_favuHo&list=PLHUIPfxIAsYMcSgOAjj8jLd_GQ5LGVo70&index=31&t=0s
Rolling In The Deep - Adele [Guitar Tutorial 기타 레슨] - YouTube,,,,,,,2015. 1. 22.,"46,656",https://www.youtube.com/watch?v=akxjFZM_28E&list=PLHUIPfxIAsYMcSgOAjj8jLd_GQ5LGVo70&index=32&t=0s
일어나 - 김광석 [Guitar lesson 기타 강좌] - YouTube,,,,,,,2015. 1. 6.,"198,862",https://www.youtube.com/watch?v=ZUknSPL22js&list=PLHUIPfxIAsYMcSgOAjj8jLd_GQ5LGVo70&index=33&t=0s
고마워요(Thank You) - 씨엔블루(CNBlue) [Guitar Tutorial 기타 강좌] - YouTube,,,,,,,2014. 12. 18.,"12,600",https://www.youtube.com/watch?v=FqRZh-kyrdQ&list=PLHUIPfxIAsYMcSgOAjj8jLd_GQ5LGVo70&index=34&t=0s
매일밤(Every Night) - EXID (Easy steps) [Guitar Tutorial 기타 강좌] - YouTube,,,,,,,2014. 12. 11.,"12,480",https://www.youtube.com/watch?v=nFKL_gM9UXY&list=PLHUIPfxIAsYMcSgOAjj8jLd_GQ5LGVo70&index=35&t=0s
황혼의 문턱 - 왁스(WAX) [Guitar Tutorial 기타 강좌] - YouTube,,,,,,,2014. 12. 4.,"11,336",https://www.youtube.com/watch?v=X0cXYRFwlzw&list=PLHUIPfxIAsYMcSgOAjj8jLd_GQ5LGVo70&index=36&t=0s
Lucky - Jason Mraz (제이슨 므라즈) [Guitar Tutorial 기타 강좌] - YouTube,,,,,,,2014. 12. 2.,"48,511",https://www.youtube.com/watch?v=x71ftzus0Ik&list=PLHUIPfxIAsYMcSgOAjj8jLd_GQ5LGVo70&index=37&t=0s
유후(u who) - 유승우(쉬운버전/Easy Steps) [Guitar Tutorial 기타 강좌] - YouTube,,,,,,,2014. 11. 30.,"6,248",https://www.youtube.com/watch?v=H1Az7LYkFs4&list=PLHUIPfxIAsYMcSgOAjj8jLd_GQ5LGVo70&index=38&t=0s
Speak now - Taylor Swift [Guitar Tutorial/기타 강좌] - YouTube,,,,,,,2014. 10. 27.,"7,468",https://www.youtube.com/watch?v=RZK4GZyWtQ0&list=PLHUIPfxIAsYMcSgOAjj8jLd_GQ5LGVo70&index=39&t=0s
Home - Roy Kim (로이킴) [기타 강좌/Guitar Tutorial] - YouTube,,,,,,,2014. 10. 12.,"33,392",https://www.youtube.com/watch?v=r-_t0hqckZo&list=PLHUIPfxIAsYMcSgOAjj8jLd_GQ5LGVo70&index=40&t=0s
Lost Stars - Adam Levine (begin again OST) [통기타 레슨/Guitar Tutorial] - YouTube,,,,,,,2014. 10. 5.,"177,062",https://www.youtube.com/watch?v=zRgRTcP93Dg&list=PLHUIPfxIAsYMcSgOAjj8jLd_GQ5LGVo70&index=41&t=0s
"
난이도 [ 기 타 리 스 트 ]"
[그랩더기타] 선물 (Gift) - 멜로망스 (MeloMance) [Guitar Tutorial｜기타 강좌] - YouTube,,,,,,,2017. 12. 14.,"130,324",https://www.youtube.com/watch?v=8VGe3abPU9E&list=PLHUIPfxIAsYPeumFCj6PdKzaQY4hgB3S-&index=2&t=0s
봄이 좋냐?? (What The Spring??) - 10cm(십센치) [Guitar Tutorial｜기타 강좌] - YouTube,,,,,,,2016. 4. 29.,"312,609",https://www.youtube.com/watch?v=KiwBddqiKQQ&list=PLHUIPfxIAsYPeumFCj6PdKzaQY4hgB3S-&index=3&t=0s
[그랩더기타] 사랑에 빠졌죠 (당신만이 / Fallen in Love Only With You) - 장범준 (Jang Beom June) [Guitar Tutorial｜기타 강좌] - YouTube,,,,,,,2016. 4. 15.,"112,863",https://www.youtube.com/watch?v=X59Dc1cOMqQ&list=PLHUIPfxIAsYPeumFCj6PdKzaQY4hgB3S-&index=4&t=0s
[그랩더기타] 사월의 눈 (Snow Of April) - 허각 (HuhGak)  [Guitar Tutorial｜기타 강좌] - YouTube,,,,,,,2016. 4. 8.,"14,936",https://www.youtube.com/watch?v=KToPubJHfd0&list=PLHUIPfxIAsYPeumFCj6PdKzaQY4hgB3S-&index=5&t=0s
[그랩더기타] 사랑에 빠져요 (Falling in Love Immediately) - 장범준(Jang Beom June) [Guitar Tutorial｜기타 강좌] - YouTube,,,,,,,2016. 3. 28.,"71,397",https://www.youtube.com/watch?v=Rr8iyNfOMNQ&list=PLHUIPfxIAsYPeumFCj6PdKzaQY4hgB3S-&index=6&t=0s
[그랩더기타] 끝사랑 (Last Love) - 김범수 (Kim Bum Soo) [Guitar Tutorial｜기타 강좌] - YouTube,,,,,,,2016. 3. 11.,"21,499",https://www.youtube.com/watch?v=7kNGIaT2Q3Y&list=PLHUIPfxIAsYPeumFCj6PdKzaQY4hgB3S-&index=7&t=0s
[그랩더기타]  Sing For You - EXO (엑소) [Guitar Tutorial/통기타 강좌] - YouTube,,,,,,,2016. 1. 22.,"47,940",https://www.youtube.com/watch?v=45rxsWAPbjI&list=PLHUIPfxIAsYPeumFCj6PdKzaQY4hgB3S-&index=8&t=0s
[그랩더기타] 세월이 가면 (응답하라 1988 OST) - 기현 (Kihyun)  [Guitar Tutorial/통기타 강좌] - YouTube,,,,,,,2016. 1. 15.,"37,047",https://www.youtube.com/watch?v=69JgpnxAzgY&list=PLHUIPfxIAsYPeumFCj6PdKzaQY4hgB3S-&index=9&t=0s
[그랩더기타] 그런 남자 (The Kind Of Guy) - Bro (브로) [Guitar Tutorial/통기타 강좌] - YouTube,,,,,,,2015. 11. 20.,"8,214",https://www.youtube.com/watch?v=jRvFWcjYEtw&list=PLHUIPfxIAsYPeumFCj6PdKzaQY4hgB3S-&index=10&t=0s
[그랩더기타] Shape Of My Heart - Sting (스팅) [Guitar Tutorial/통기타 강좌] - YouTube,,,,,,,2015. 11. 11.,"256,959",https://www.youtube.com/watch?v=hPbv9-JFOIg&list=PLHUIPfxIAsYPeumFCj6PdKzaQY4hgB3S-&index=11&t=0s
[그랩더기타] 이상하다 (Acoustic Ver.) - 박효신 (Park Hyo Shin) [Guitar Tutorial/통기타 강좌] - YouTube,,,,,,,2015. 10. 30.,"31,345",https://www.youtube.com/watch?v=wKPYIylNC0E&list=PLHUIPfxIAsYPeumFCj6PdKzaQY4hgB3S-&index=12&t=0s
[그랩더기타] Back In Black - AC/DC [Acoustic Guitar Tutorial/통기타 강좌] - YouTube,,,,,,,2015. 9. 11.,"50,291",https://www.youtube.com/watch?v=AuwQPsKEhp4&list=PLHUIPfxIAsYPeumFCj6PdKzaQY4hgB3S-&index=13&t=0s
[그랩더기타] 예뻐서 그래 (Because You're Beautiful) - 스탠딩 에그(Standing Egg) [Guitar Tutorial/Lesson/통기타 강좌] - YouTube,,,,,,,2015. 7. 29.,"17,873",https://www.youtube.com/watch?v=E6tLaKYp7Pw&list=PLHUIPfxIAsYPeumFCj6PdKzaQY4hgB3S-&index=14&t=0s
[그랩더기타] 아메리카노(Americano) - 10CM(십센치) [Guitar Tutorial 기타 강좌] - YouTube,,,,,,,2015. 5. 14.,"69,333",https://www.youtube.com/watch?v=vx7JcGd4O1c&list=PLHUIPfxIAsYPeumFCj6PdKzaQY4hgB3S-&index=15&t=0s
[그랩더기타] 2 Years Apart - 에디킴 (Eddy Kim) [Guitar Tutorial 기타 강좌] - YouTube,,,,,,,2015. 4. 9.,"78,548",https://www.youtube.com/watch?v=2s7VT00fNC8&list=PLHUIPfxIAsYPeumFCj6PdKzaQY4hgB3S-&index=16&t=0s
너 사용법 (The Manual) - 에디킴(Eddy Kim) [Guitar Tutorial 기타 레슨] - YouTube,,,,,,,2015. 1. 12.,"260,552",https://www.youtube.com/watch?v=-CfzFXb-WPE&list=PLHUIPfxIAsYPeumFCj6PdKzaQY4hgB3S-&index=17&t=0s
"[그랩더기타] 봄 사랑 벚꽃 말고 - HIGH4, 아이유 [Guitar Tutorial 기타 강좌] - YouTube",,,,,,,2015. 5. 7.,"54,770",https://www.youtube.com/watch?v=qt81dLStFNM&list=PLHUIPfxIAsYPeumFCj6PdKzaQY4hgB3S-&index=18&t=0s
[그랩더기타] 눈의 꽃 - 박효신 [Guitar Tutorial / 기타레슨] - YouTube,,,,,,,2015. 4. 1.,"91,038",https://www.youtube.com/watch?v=PXRkU1QriIg&list=PLHUIPfxIAsYPeumFCj6PdKzaQY4hgB3S-&index=19&t=0s
"
🤔 기본테크닉 😲"
[기본테크닉] #1 조율법｜스탠다드/하프다운튜닝 (Guitar Tuning｜Standard/Half Step Down) [Guitar Tutorial｜기타 강좌] - YouTube,,,,,,,2016. 6. 13.,"88,471",https://www.youtube.com/watch?v=BgT8VAtoTd0&list=PLHUIPfxIAsYP-O7Nw28_9uye-yoCiuVpp&index=2&t=0s
[기본테크닉] #2 피크 선택 요령과 피킹법 (How to choose a guitar pick and hold it) [Guitar Tutorial｜기타 강좌] - YouTube,,,,,,,2016. 6. 16.,"76,418",https://www.youtube.com/watch?v=q9KZyJF93Cg&list=PLHUIPfxIAsYP-O7Nw28_9uye-yoCiuVpp&index=3&t=0s
"[기본테크닉] #3 타브악보 보는법과 크로매틱 연습법 (How to Read Tab, Chromatic(ish) Scale for Finger Training) - YouTube",,,,,,,2016. 6. 21.,"146,401",https://www.youtube.com/watch?v=h_WxTk5rZlg&list=PLHUIPfxIAsYP-O7Nw28_9uye-yoCiuVpp&index=4&t=0s
[기본테크닉] #4 개방현 스케일 (C Major Scale - Open Position) [Guitar Tutorial｜기타 강좌] - YouTube,,,,,,,2016. 6. 23.,"50,793",https://www.youtube.com/watch?v=O8c8vkhfp3Q&list=PLHUIPfxIAsYP-O7Nw28_9uye-yoCiuVpp&index=5&t=0s
[기본테크닉] #5 스트로크 (스트럼) 연주 방법 (Basic Guitar Strumming for Beginners) [Guitar Tutorial｜기타 강좌] - YouTube,,,,,,,2016. 6. 27.,"203,982",https://www.youtube.com/watch?v=ns01gzP6MUI&list=PLHUIPfxIAsYP-O7Nw28_9uye-yoCiuVpp&index=6&t=0s
[기본테크닉] #6 코드 체인지 요령 (How to Change Chords Smoothly) [Guitar Tutorial｜기타 강좌] - YouTube,,,,,,,2016. 7. 1.,"124,852",https://www.youtube.com/watch?v=WY-8FsyGu7M&list=PLHUIPfxIAsYP-O7Nw28_9uye-yoCiuVpp&index=7&t=0s
[기본테크닉] #7 오른손 커팅｜왼손 커팅 방법 (Right & Left Hand Percussive Muting for Beginners) - YouTube,,,,,,,2016. 7. 5.,"90,502",https://www.youtube.com/watch?v=7oC8ZLrkMr0&list=PLHUIPfxIAsYP-O7Nw28_9uye-yoCiuVpp&index=8&t=0s
[기본테크닉] #8 팜뮤트 하는 방법 (Palm Muting Technique) - YouTube,,,,,,,2016. 7. 8.,"92,465",https://www.youtube.com/watch?v=pMzeh6t1Nhc&list=PLHUIPfxIAsYP-O7Nw28_9uye-yoCiuVpp&index=9&t=0s
[기본테크닉] #9 핑거 아르페지오(핑거피킹)의 기초 (Fingerpicking for Beginners) [Guitar Tutorial｜기타 강좌] - YouTube,,,,,,,2016. 7. 11.,"77,148",https://www.youtube.com/watch?v=y3ZGkKGKHDI&list=PLHUIPfxIAsYP-O7Nw28_9uye-yoCiuVpp&index=10&t=0s
YouTube,,,,,,,,,https://www.youtube.com/watch?v=92PIqy04hwc&list=PLHUIPfxIAsYP-O7Nw28_9uye-yoCiuVpp&index=11
[기본테크닉] #10 바레코드 완전 정복! (How to Play Barre Chords (Bar Chords) for Beginners)[Guitar Tutorial｜기타 강좌] - YouTube,,,,,,,2016. 7. 18.,"111,791",https://www.youtube.com/watch?v=w7M7vubClJc&list=PLHUIPfxIAsYP-O7Nw28_9uye-yoCiuVpp&index=12&t=0s
[기본테크닉] #11 퍼커시브 주법 (Basic Percussive Guitar for Begginers) [Guitar Tutorial｜기타 강좌] - YouTube,,,,,,,2016. 8. 2.,"122,020",https://www.youtube.com/watch?v=YDuIYNx9GQA&list=PLHUIPfxIAsYP-O7Nw28_9uye-yoCiuVpp&index=13&t=0s
"[기본테크닉] #12 해머링 온, 풀링 오프 (Hammer On, Pull Off) [Guitar Tutorial｜기타 강좌] - YouTube",,,,,,,2016. 8. 22.,"58,220",https://www.youtube.com/watch?v=Lkiz7WR8RYY&list=PLHUIPfxIAsYP-O7Nw28_9uye-yoCiuVpp&index=14&t=0s
[기본테크닉] #13 슬라이드 (Sliding) [Guitar Tutorial｜기타 강좌] - YouTube,,,,,,,2016. 8. 26.,"36,734",https://www.youtube.com/watch?v=XXo1LE9oNw0&list=PLHUIPfxIAsYP-O7Nw28_9uye-yoCiuVpp&index=15&t=0s
